CustomerID,Age,Gender,OwnHome,Married,Location,Salary,Children,History,Catalogs,AmountSpent,SalaryBand,SpendingBand
1,Old,Female,Own,Single,Far,47500,0,High,6,755,30k-60k,500-999
2,Middle,Male,Rent,Single,Close,63600,0,High,6,1318,60k-90k,"1,000-1,999"
3,Young,Female,Rent,Single,Close,13500,0,Low,18,296,Under 30k,Under 500
4,Middle,Male,Own,Married,Close,85600,1,High,18,2436,60k-90k,"2,000-3,999"
5,Middle,Female,Own,Single,Close,68400,0,High,12,1304,60k-90k,"1,000-1,999"
6,Young,Male,Own,Married,Close,30400,0,Low,6,495,30k-60k,Under 500
7,Middle,Female,Rent,Single,Close,48100,0,Medium,12,782,30k-60k,500-999
8,Middle,Male,Own,Single,Close,68400,0,High,18,1155,60k-90k,"1,000-1,999"
9,Middle,Female,Own,Married,Close,51900,3,Low,6,158,30k-60k,Under 500
10,Old,Male,Own,Married,Far,80700,0,None,18,3034,60k-90k,"2,000-3,999"
11,Young,Male,Rent,Married,Close,43700,1,None,12,927,30k-60k,500-999
12,Middle,Male,Own,Married,Far,111800,3,High,18,2065,90k-120k,"2,000-3,999"
13,Middle,Female,Own,Married,Close,44100,1,Medium,24,704,30k-60k,500-999
14,Middle,Male,Own,Married,Close,111400,0,High,12,2136,90k-120k,"2,000-3,999"
15,Old,Female,Own,Married,Far,110000,0,High,24,5564,90k-120k,"4,000+"
16,Middle,Female,Own,Married,Far,83100,1,None,12,2766,60k-90k,"2,000-3,999"
17,Old,Female,Own,Married,Close,82800,0,High,24,3010,60k-90k,"2,000-3,999"
18,Middle,Male,Own,Married,Close,90100,0,High,18,1956,90k-120k,"1,000-1,999"
19,Middle,Male,Rent,Single,Close,38600,1,Low,18,542,30k-60k,500-999
20,Old,Female,Rent,Single,Far,14000,0,Low,12,410,Under 30k,Under 500
21,Young,Female,Rent,Single,Far,14300,2,Low,6,194,Under 30k,Under 500
22,Young,Male,Rent,Married,Close,49800,0,Medium,12,827,30k-60k,500-999
23,Old,Female,Rent,Married,Far,60200,0,High,18,2328,60k-90k,"2,000-3,999"
24,Young,Male,Rent,Married,Far,43500,1,Medium,12,808,30k-60k,500-999
25,Young,Female,Rent,Married,Close,41700,1,None,6,521,30k-60k,500-999
26,Middle,Female,Own,Married,Close,92300,3,Low,18,655,90k-120k,500-999
27,Middle,Male,Own,Single,Close,62800,3,None,6,707,60k-90k,500-999
28,Middle,Female,Rent,Married,Far,72900,0,High,18,2075,60k-90k,"2,000-3,999"
29,Middle,Female,Rent,Married,Close,66900,2,Medium,12,769,60k-90k,500-999
30,Young,Male,Rent,Single,Close,21700,1,None,18,774,Under 30k,500-999
31,Old,Female,Rent,Married,Close,39700,0,Medium,12,573,30k-60k,500-999
32,Middle,Male,Rent,Married,Far,72200,1,High,12,2082,60k-90k,"2,000-3,999"
33,Middle,Female,Rent,Married,Close,87700,3,None,24,2446,60k-90k,"2,000-3,999"
34,Middle,Male,Own,Married,Close,104100,0,High,24,2636,90k-120k,"2,000-3,999"
35,Middle,Male,Rent,Single,Far,67700,0,High,12,2226,60k-90k,"2,000-3,999"
36,Middle,Female,Own,Single,Close,27000,2,Low,6,183,Under 30k,Under 500
37,Middle,Female,Own,Single,Far,64100,2,High,24,1595,60k-90k,"1,000-1,999"
38,Middle,Male,Rent,Single,Close,47000,1,Medium,12,584,30k-60k,500-999
39,Old,Female,Own,Married,Close,41600,0,None,18,982,30k-60k,500-999
40,Old,Female,Rent,Single,Close,20100,0,Low,24,576,Under 30k,500-999
41,Middle,Male,Own,Single,Close,64000,3,Low,12,410,60k-90k,Under 500
42,Middle,Female,Own,Married,Far,96800,3,None,24,3082,90k-120k,"2,000-3,999"
43,Middle,Male,Rent,Married,Close,76200,1,None,24,2437,60k-90k,"2,000-3,999"
44,Old,Female,Rent,Married,Far,81500,0,High,18,3655,60k-90k,"2,000-3,999"
45,Middle,Female,Own,Single,Close,49600,1,Medium,12,844,30k-60k,500-999
46,Old,Female,Own,Married,Close,111500,0,High,18,2510,90k-120k,"2,000-3,999"
47,Middle,Male,Own,Married,Close,77700,0,None,6,983,60k-90k,500-999
48,Young,Male,Own,Married,Close,58900,0,None,18,1215,30k-60k,"1,000-1,999"
49,Middle,Male,Own,Married,Close,126500,2,High,18,2000,120k+,"2,000-3,999"
50,Middle,Female,Own,Married,Close,83300,1,High,24,2574,60k-90k,"2,000-3,999"
51,Middle,Female,Own,Married,Close,90500,1,High,6,1116,90k-120k,"1,000-1,999"
52,Middle,Female,Own,Married,Far,87200,0,High,18,3604,60k-90k,"2,000-3,999"
53,Middle,Female,Own,Married,Close,105300,1,None,24,3360,90k-120k,"2,000-3,999"
54,Middle,Female,Own,Single,Far,56000,3,Medium,6,530,30k-60k,500-999
55,Middle,Female,Rent,Single,Close,46600,0,Medium,24,906,30k-60k,500-999
56,Old,Male,Rent,Married,Close,69800,0,High,24,2764,60k-90k,"2,000-3,999"
57,Middle,Male,Own,Single,Close,60300,0,High,24,1263,60k-90k,"1,000-1,999"
58,Young,Male,Rent,Married,Close,67800,0,High,12,1084,60k-90k,"1,000-1,999"
59,Middle,Male,Rent,Single,Close,42300,0,Medium,24,1051,30k-60k,"1,000-1,999"
60,Young,Female,Own,Married,Far,33700,0,None,6,614,30k-60k,500-999
61,Middle,Male,Own,Single,Close,62700,2,Medium,12,704,60k-90k,500-999
62,Young,Female,Own,Single,Close,25900,2,None,12,449,Under 30k,Under 500
63,Young,Female,Own,Single,Close,15600,1,Low,6,136,Under 30k,Under 500
64,Old,Female,Own,Single,Close,14600,0,Low,24,468,Under 30k,Under 500
65,Old,Female,Own,Married,Close,62600,0,High,6,565,60k-90k,500-999
66,Young,Male,Rent,Married,Close,66700,0,None,18,1310,60k-90k,"1,000-1,999"
67,Middle,Male,Own,Married,Far,72500,0,None,24,2595,60k-90k,"2,000-3,999"
68,Young,Female,Rent,Single,Far,13200,0,None,24,358,Under 30k,Under 500
69,Middle,Female,Own,Single,Close,51300,0,Medium,24,1424,30k-60k,"1,000-1,999"
70,Middle,Male,Own,Single,Far,72300,0,High,24,4182,60k-90k,"4,000+"
71,Young,Female,Rent,Single,Close,15600,0,None,12,468,Under 30k,Under 500
72,Middle,Female,Own,Married,Far,90400,1,High,18,2924,90k-120k,"2,000-3,999"
73,Middle,Male,Own,Single,Far,71500,0,None,6,964,60k-90k,500-999
74,Young,Male,Rent,Single,Close,14400,0,None,24,615,Under 30k,500-999
75,Young,Male,Rent,Single,Close,15000,3,Low,6,38,Under 30k,Under 500
76,Middle,Male,Own,Single,Close,57600,1,None,6,1006,30k-60k,"1,000-1,999"
77,Young,Female,Rent,Married,Close,60600,3,Low,12,307,60k-90k,Under 500
78,Middle,Male,Own,Married,Far,84300,2,High,18,1648,60k-90k,"1,000-1,999"
79,Young,Female,Own,Single,Close,24400,1,Low,6,220,Under 30k,Under 500
80,Young,Female,Rent,Single,Close,22100,2,Low,18,280,Under 30k,Under 500
81,Middle,Male,Rent,Married,Far,48800,2,None,12,1647,30k-60k,"1,000-1,999"
82,Middle,Female,Own,Married,Close,74700,1,Medium,6,704,60k-90k,500-999
83,Young,Female,Rent,Single,Far,32400,1,Medium,24,920,30k-60k,500-999
84,Old,Female,Own,Single,Close,11400,0,None,6,258,Under 30k,Under 500
85,Middle,Male,Own,Married,Close,127000,0,None,12,1821,120k+,"1,000-1,999"
86,Middle,Male,Rent,Single,Close,47200,0,Medium,18,1587,30k-60k,"1,000-1,999"
87,Middle,Female,Own,Single,Close,48700,2,Low,12,528,30k-60k,500-999
88,Young,Male,Rent,Single,Far,20400,0,Medium,18,867,Under 30k,500-999
89,Middle,Male,Rent,Single,Close,39000,0,None,6,643,30k-60k,500-999
90,Young,Female,Rent,Single,Close,12900,1,Low,6,107,Under 30k,Under 500
91,Middle,Female,Rent,Married,Far,67300,1,High,18,1513,60k-90k,"1,000-1,999"
92,Old,Male,Own,Married,Close,134500,0,High,24,4558,120k+,"4,000+"
93,Old,Male,Own,Married,Close,75500,0,High,6,741,60k-90k,500-999
94,Old,Female,Own,Married,Far,33600,2,Medium,12,805,30k-60k,500-999
95,Young,Female,Rent,Single,Close,16300,1,None,12,470,Under 30k,Under 500
96,Young,Male,Rent,Married,Close,27400,1,Low,6,278,Under 30k,Under 500
97,Middle,Female,Own,Married,Close,110400,3,Low,24,1093,90k-120k,"1,000-1,999"
98,Young,Female,Rent,Single,Far,21100,1,Low,6,470,Under 30k,Under 500
99,Middle,Male,Own,Married,Close,81200,0,High,24,1856,60k-90k,"1,000-1,999"
100,Middle,Male,Rent,Married,Far,87100,2,High,18,1688,60k-90k,"1,000-1,999"
101,Young,Female,Rent,Single,Far,21700,3,None,24,708,Under 30k,500-999
102,Middle,Female,Rent,Single,Close,42200,0,None,18,1753,30k-60k,"1,000-1,999"
103,Middle,Male,Rent,Single,Far,59000,0,High,24,3044,30k-60k,"2,000-3,999"
104,Middle,Female,Own,Single,Close,52700,2,Low,18,855,30k-60k,500-999
105,Young,Male,Own,Single,Close,20900,0,Low,24,550,Under 30k,500-999
106,Middle,Male,Own,Married,Far,90700,3,High,24,2265,90k-120k,"2,000-3,999"
107,Old,Female,Own,Married,Far,91800,0,None,24,2452,90k-120k,"2,000-3,999"
108,Young,Female,Own,Single,Far,27900,0,Medium,18,1184,Under 30k,"1,000-1,999"
109,Old,Female,Own,Married,Close,70700,0,High,24,2150,60k-90k,"2,000-3,999"
110,Middle,Male,Own,Married,Close,79600,2,None,6,1575,60k-90k,"1,000-1,999"
111,Middle,Male,Rent,Married,Close,96400,1,High,24,1822,90k-120k,"1,000-1,999"
112,Middle,Female,Own,Single,Close,46600,2,None,18,1153,30k-60k,"1,000-1,999"
113,Old,Male,Own,Married,Close,106600,0,High,12,1877,90k-120k,"1,000-1,999"
114,Middle,Female,Rent,Married,Close,104900,3,Low,6,450,90k-120k,Under 500
115,Old,Male,Rent,Single,Close,56300,0,Medium,6,873,30k-60k,500-999
116,Young,Female,Rent,Single,Close,14800,1,Low,6,209,Under 30k,Under 500
117,Old,Male,Own,Married,Close,58300,0,Medium,24,1472,30k-60k,"1,000-1,999"
118,Middle,Male,Own,Single,Far,70200,0,High,12,1702,60k-90k,"1,000-1,999"
119,Old,Male,Own,Married,Far,59700,0,High,18,1857,30k-60k,"1,000-1,999"
120,Young,Male,Rent,Single,Close,25800,0,None,6,451,Under 30k,Under 500
121,Young,Female,Rent,Single,Close,12000,0,Low,24,344,Under 30k,Under 500
122,Middle,Male,Rent,Single,Far,51900,0,High,18,1492,30k-60k,"1,000-1,999"
123,Middle,Female,Own,Single,Far,66800,3,None,24,2098,60k-90k,"2,000-3,999"
124,Middle,Male,Own,Married,Close,105300,1,None,18,3505,90k-120k,"2,000-3,999"
125,Young,Female,Rent,Single,Far,13800,3,Low,6,127,Under 30k,Under 500
126,Young,Male,Rent,Single,Close,14800,3,None,12,436,Under 30k,Under 500
127,Middle,Female,Own,Married,Far,44200,0,High,24,2524,30k-60k,"2,000-3,999"
128,Young,Male,Rent,Single,Close,10400,0,None,18,189,Under 30k,Under 500
129,Middle,Female,Own,Single,Close,35200,0,Medium,12,607,30k-60k,500-999
130,Young,Female,Rent,Single,Far,16100,0,None,6,202,Under 30k,Under 500
131,Middle,Male,Own,Married,Close,113000,2,Medium,18,1554,90k-120k,"1,000-1,999"
132,Middle,Male,Own,Married,Close,63300,2,None,6,633,60k-90k,500-999
133,Young,Male,Rent,Single,Close,19100,0,None,6,176,Under 30k,Under 500
134,Middle,Female,Own,Married,Close,93400,2,None,24,3079,90k-120k,"2,000-3,999"
135,Old,Female,Rent,Married,Far,52500,0,High,24,2038,30k-60k,"2,000-3,999"
136,Middle,Female,Rent,Married,Far,45400,3,Medium,24,1203,30k-60k,"1,000-1,999"
137,Young,Female,Own,Single,Far,21400,3,None,6,326,Under 30k,Under 500
138,Middle,Female,Own,Single,Close,53700,3,Low,12,235,30k-60k,Under 500
139,Young,Female,Own,Married,Far,68000,0,High,24,3688,60k-90k,"2,000-3,999"
140,Young,Male,Rent,Single,Close,17400,0,None,12,332,Under 30k,Under 500
141,Young,Female,Rent,Single,Close,14600,1,Low,6,143,Under 30k,Under 500
142,Old,Female,Own,Married,Far,100100,0,High,12,3104,90k-120k,"2,000-3,999"
143,Middle,Male,Own,Married,Far,103700,1,High,24,2339,90k-120k,"2,000-3,999"
144,Young,Female,Rent,Single,Far,10800,3,Low,6,123,Under 30k,Under 500
145,Middle,Female,Own,Married,Close,81700,3,Low,24,879,60k-90k,500-999
146,Old,Female,Rent,Single,Close,21400,0,Low,18,498,Under 30k,Under 500
147,Old,Female,Own,Married,Close,114800,0,High,18,3596,90k-120k,"2,000-3,999"
148,Old,Female,Own,Married,Far,67900,0,High,24,2925,60k-90k,"2,000-3,999"
149,Middle,Male,Own,Married,Close,53700,1,None,12,1081,30k-60k,"1,000-1,999"
150,Young,Female,Rent,Single,Far,11400,3,None,12,312,Under 30k,Under 500
151,Young,Male,Rent,Married,Close,34300,3,None,12,1297,30k-60k,"1,000-1,999"
152,Young,Female,Rent,Single,Close,16400,1,Low,12,218,Under 30k,Under 500
153,Middle,Female,Own,Married,Far,109800,0,High,18,4279,90k-120k,"4,000+"
154,Middle,Male,Own,Single,Close,64200,0,High,18,1642,60k-90k,"1,000-1,999"
155,Young,Male,Rent,Single,Close,17000,0,None,18,581,Under 30k,500-999
156,Middle,Female,Rent,Single,Close,41400,3,Low,6,223,30k-60k,Under 500
157,Middle,Female,Own,Single,Close,49100,2,Low,6,474,30k-60k,Under 500
158,Old,Female,Own,Single,Far,42600,0,High,24,1790,30k-60k,"1,000-1,999"
159,Young,Female,Rent,Single,Close,11900,1,Low,6,143,Under 30k,Under 500
160,Middle,Male,Own,Married,Far,113600,2,High,18,3237,90k-120k,"2,000-3,999"
161,Middle,Male,Own,Single,Close,52900,1,None,24,2316,30k-60k,"2,000-3,999"
162,Young,Female,Rent,Single,Close,14300,1,None,18,458,Under 30k,Under 500
163,Young,Male,Rent,Single,Close,21000,0,Low,24,646,Under 30k,500-999
164,Middle,Male,Own,Single,Far,59600,2,Medium,18,1217,30k-60k,"1,000-1,999"
165,Middle,Female,Rent,Single,Close,39700,3,Low,12,238,30k-60k,Under 500
166,Old,Male,Own,Married,Close,51200,0,Medium,12,1293,30k-60k,"1,000-1,999"
167,Middle,Female,Own,Married,Close,88200,0,None,24,2749,60k-90k,"2,000-3,999"
168,Middle,Male,Own,Married,Far,122100,0,High,12,2408,120k+,"2,000-3,999"
169,Old,Female,Rent,Married,Close,84800,0,High,18,2624,60k-90k,"2,000-3,999"
170,Middle,Male,Own,Married,Far,140000,0,High,12,4894,120k+,"4,000+"
171,Old,Female,Own,Single,Close,28500,0,Low,24,621,Under 30k,500-999
172,Middle,Male,Rent,Single,Close,60300,0,High,6,701,60k-90k,500-999
173,Young,Female,Rent,Married,Far,51900,0,None,6,780,30k-60k,500-999
174,Middle,Male,Own,Single,Close,60200,0,Medium,12,1365,60k-90k,"1,000-1,999"
175,Middle,Male,Own,Married,Far,81200,0,High,12,2693,60k-90k,"2,000-3,999"
176,Old,Male,Own,Married,Close,73100,0,High,6,1582,60k-90k,"1,000-1,999"
177,Old,Male,Own,Single,Close,45700,0,Medium,18,724,30k-60k,500-999
178,Old,Female,Rent,Single,Close,28900,0,Low,12,830,Under 30k,500-999
179,Young,Female,Rent,Married,Close,60100,0,None,18,1594,60k-90k,"1,000-1,999"
180,Middle,Female,Own,Married,Close,84800,1,None,12,1826,60k-90k,"1,000-1,999"
181,Old,Female,Own,Married,Close,35000,0,Medium,6,473,30k-60k,Under 500
182,Young,Female,Rent,Married,Close,61700,0,None,12,1161,60k-90k,"1,000-1,999"
183,Old,Female,Rent,Married,Close,46900,0,Medium,6,703,30k-60k,500-999
184,Middle,Female,Own,Married,Close,123600,1,None,12,1892,120k+,"1,000-1,999"
185,Young,Male,Rent,Married,Close,45800,0,Medium,6,489,30k-60k,Under 500
186,Middle,Male,Own,Married,Far,77800,1,High,18,1813,60k-90k,"1,000-1,999"
187,Middle,Female,Own,Single,Close,48700,1,None,12,1457,30k-60k,"1,000-1,999"
188,Middle,Female,Rent,Single,Far,39000,3,Low,6,292,30k-60k,Under 500
189,Young,Female,Rent,Married,Close,40000,0,None,6,613,30k-60k,500-999
190,Middle,Female,Rent,Married,Close,118300,1,None,18,2681,90k-120k,"2,000-3,999"
191,Young,Female,Own,Single,Close,27100,2,Low,24,437,Under 30k,Under 500
192,Middle,Female,Rent,Married,Close,91000,2,Medium,6,708,90k-120k,500-999
193,Middle,Female,Own,Married,Close,35300,0,Medium,24,1093,30k-60k,"1,000-1,999"
194,Young,Female,Rent,Single,Far,10200,2,Low,18,213,Under 30k,Under 500
195,Young,Female,Rent,Single,Close,12500,1,Low,6,202,Under 30k,Under 500
196,Old,Female,Own,Single,Close,64600,0,None,6,1298,60k-90k,"1,000-1,999"
197,Middle,Male,Own,Married,Far,113800,0,None,12,3273,90k-120k,"2,000-3,999"
198,Middle,Male,Own,Married,Far,113400,3,High,18,1790,90k-120k,"1,000-1,999"
199,Young,Female,Rent,Single,Close,16900,1,Low,6,247,Under 30k,Under 500
200,Young,Female,Rent,Single,Close,13600,1,Low,6,183,Under 30k,Under 500
201,Middle,Male,Own,Married,Far,100100,1,High,24,3491,90k-120k,"2,000-3,999"
202,Old,Female,Own,Married,Far,80000,0,High,6,1985,60k-90k,"1,000-1,999"
203,Middle,Male,Own,Married,Close,83900,0,High,24,1721,60k-90k,"1,000-1,999"
204,Middle,Male,Own,Married,Close,77000,0,High,12,2104,60k-90k,"2,000-3,999"
205,Middle,Female,Rent,Married,Close,72900,3,Low,6,252,60k-90k,Under 500
206,Young,Male,Rent,Married,Close,80700,3,Low,6,202,60k-90k,Under 500
207,Young,Female,Rent,Married,Close,40900,1,Medium,18,962,30k-60k,500-999
208,Young,Female,Rent,Single,Close,26700,1,None,12,459,Under 30k,Under 500
209,Middle,Male,Own,Married,Close,54700,0,Medium,18,848,30k-60k,500-999
210,Old,Female,Rent,Married,Close,23600,1,Low,6,161,Under 30k,Under 500
211,Middle,Male,Rent,Single,Far,56900,0,High,24,1857,30k-60k,"1,000-1,999"
212,Middle,Male,Own,Single,Far,68700,1,None,24,1699,60k-90k,"1,000-1,999"
213,Young,Female,Rent,Single,Close,19300,1,Low,24,308,Under 30k,Under 500
214,Young,Male,Rent,Married,Far,20200,1,Low,24,500,Under 30k,500-999
215,Middle,Female,Rent,Married,Far,61500,3,Medium,24,1162,60k-90k,"1,000-1,999"
216,Middle,Female,Own,Married,Far,101700,1,None,24,2551,90k-120k,"2,000-3,999"
217,Middle,Female,Rent,Married,Far,120800,1,High,24,5830,120k+,"4,000+"
218,Young,Female,Rent,Single,Far,17300,1,Low,18,381,Under 30k,Under 500
219,Young,Female,Rent,Married,Close,42300,0,None,6,856,30k-60k,500-999
220,Middle,Male,Rent,Single,Close,53300,0,Medium,18,1720,30k-60k,"1,000-1,999"
221,Middle,Female,Rent,Single,Close,42800,0,Medium,12,759,30k-60k,500-999
222,Middle,Male,Own,Married,Close,98400,0,High,18,3305,90k-120k,"2,000-3,999"
223,Middle,Female,Own,Single,Close,51200,0,Medium,18,1257,30k-60k,"1,000-1,999"
224,Old,Male,Own,Single,Close,62200,0,None,12,1583,60k-90k,"1,000-1,999"
225,Middle,Male,Own,Married,Close,109200,3,Low,24,1102,90k-120k,"1,000-1,999"
226,Young,Female,Rent,Single,Close,11400,2,None,6,186,Under 30k,Under 500
227,Young,Female,Rent,Single,Close,14000,0,Low,12,229,Under 30k,Under 500
228,Old,Female,Rent,Married,Close,97000,0,None,24,2599,90k-120k,"2,000-3,999"
229,Young,Female,Own,Single,Far,29600,3,None,12,774,Under 30k,500-999
230,Old,Male,Own,Married,Close,71200,1,Medium,12,638,60k-90k,500-999
231,Old,Female,Rent,Single,Far,15000,0,Low,12,378,Under 30k,Under 500
232,Middle,Male,Rent,Married,Far,64000,1,None,6,1552,60k-90k,"1,000-1,999"
233,Old,Male,Own,Married,Far,33000,0,Medium,12,979,30k-60k,500-999
234,Old,Female,Own,Married,Close,74400,0,High,18,2479,60k-90k,"2,000-3,999"
235,Young,Male,Rent,Single,Far,20300,2,Low,24,450,Under 30k,Under 500
236,Middle,Male,Rent,Married,Close,68700,0,High,24,2763,60k-90k,"2,000-3,999"
237,Young,Male,Rent,Married,Far,53600,3,Medium,24,1560,30k-60k,"1,000-1,999"
238,Old,Female,Own,Single,Close,33200,0,Medium,24,1037,30k-60k,"1,000-1,999"
239,Young,Female,Own,Married,Far,70900,0,None,6,690,60k-90k,500-999
240,Young,Female,Rent,Single,Close,23200,3,None,24,770,Under 30k,500-999
241,Young,Male,Own,Single,Close,41400,0,Medium,18,643,30k-60k,500-999
242,Young,Female,Rent,Married,Close,63200,0,High,24,1512,60k-90k,"1,000-1,999"
243,Old,Male,Own,Married,Close,107400,0,High,12,1485,90k-120k,"1,000-1,999"
244,Young,Male,Rent,Single,Far,13900,0,None,24,570,Under 30k,500-999
245,Middle,Female,Rent,Married,Close,79900,1,Medium,18,1165,60k-90k,"1,000-1,999"
246,Middle,Male,Own,Married,Far,120000,3,High,18,1926,120k+,"1,000-1,999"
247,Old,Male,Rent,Married,Far,66300,0,None,18,2243,60k-90k,"2,000-3,999"
248,Middle,Female,Own,Single,Close,54400,3,Low,18,342,30k-60k,Under 500
249,Middle,Male,Own,Married,Close,84200,0,High,24,1654,60k-90k,"1,000-1,999"
250,Young,Female,Rent,Married,Close,13800,0,Low,18,363,Under 30k,Under 500
251,Young,Female,Rent,Single,Far,14500,1,Low,6,222,Under 30k,Under 500
252,Young,Male,Rent,Single,Close,21300,0,Low,24,677,Under 30k,500-999
253,Old,Male,Rent,Single,Close,29000,0,Low,6,482,Under 30k,Under 500
254,Old,Female,Rent,Single,Close,14600,1,Low,24,385,Under 30k,Under 500
255,Old,Male,Own,Single,Close,65300,0,High,18,1443,60k-90k,"1,000-1,999"
256,Middle,Female,Own,Married,Close,100800,1,High,24,1789,90k-120k,"1,000-1,999"
257,Young,Female,Rent,Single,Far,19800,1,Low,24,991,Under 30k,500-999
258,Middle,Male,Own,Single,Close,56700,2,Low,18,536,30k-60k,500-999
259,Old,Male,Rent,Married,Close,90200,0,High,18,2183,90k-120k,"2,000-3,999"
260,Young,Male,Rent,Single,Close,26100,1,None,6,494,Under 30k,Under 500
261,Young,Female,Rent,Single,Close,15900,0,Low,18,503,Under 30k,500-999
262,Young,Female,Rent,Single,Close,12700,3,Low,12,87,Under 30k,Under 500
263,Middle,Male,Rent,Single,Close,43200,0,None,24,917,30k-60k,500-999
264,Middle,Female,Rent,Married,Close,114100,1,None,24,1976,90k-120k,"1,000-1,999"
265,Middle,Male,Own,Married,Close,96100,3,Low,12,316,90k-120k,Under 500
266,Middle,Male,Own,Married,Close,97200,0,None,12,1634,90k-120k,"1,000-1,999"
267,Middle,Male,Own,Married,Far,82400,2,High,24,2035,60k-90k,"2,000-3,999"
268,Old,Male,Own,Single,Far,62000,0,High,24,3293,60k-90k,"2,000-3,999"
269,Young,Female,Rent,Single,Close,13400,1,Low,12,143,Under 30k,Under 500
270,Middle,Male,Own,Married,Close,108200,3,Low,12,635,90k-120k,500-999
271,Young,Female,Own,Married,Close,76200,0,High,12,979,60k-90k,500-999
272,Middle,Male,Rent,Married,Close,81800,1,High,18,1838,60k-90k,"1,000-1,999"
273,Young,Female,Rent,Single,Far,12000,0,Low,6,264,Under 30k,Under 500
274,Middle,Male,Own,Married,Close,76100,0,None,6,719,60k-90k,500-999
275,Middle,Male,Own,Married,Close,82100,1,High,18,1308,60k-90k,"1,000-1,999"
276,Old,Female,Own,Married,Close,103300,0,High,24,3378,90k-120k,"2,000-3,999"
277,Young,Male,Rent,Single,Close,14200,1,None,24,400,Under 30k,Under 500
278,Middle,Female,Own,Single,Far,47500,0,High,6,847,30k-60k,500-999
279,Young,Female,Rent,Single,Close,31300,1,Low,6,357,30k-60k,Under 500
280,Young,Female,Rent,Married,Far,32700,1,None,18,1276,30k-60k,"1,000-1,999"
281,Middle,Male,Own,Married,Close,72200,0,High,24,2492,60k-90k,"2,000-3,999"
282,Middle,Female,Own,Married,Close,107600,2,Medium,12,1512,90k-120k,"1,000-1,999"
283,Middle,Male,Own,Married,Close,109900,2,Medium,12,870,90k-120k,500-999
284,Middle,Female,Own,Married,Close,65400,2,Medium,24,938,60k-90k,500-999
285,Old,Female,Own,Single,Close,43300,0,None,12,1584,30k-60k,"1,000-1,999"
286,Old,Female,Own,Single,Close,51900,0,Medium,12,1148,30k-60k,"1,000-1,999"
287,Middle,Female,Own,Married,Far,80600,0,High,24,2840,60k-90k,"2,000-3,999"
288,Middle,Female,Rent,Single,Close,42700,0,Medium,12,827,30k-60k,500-999
289,Young,Male,Rent,Single,Far,19000,0,None,12,428,Under 30k,Under 500
290,Young,Female,Rent,Single,Close,14500,1,Low,6,183,Under 30k,Under 500
291,Middle,Female,Own,Married,Close,68200,1,None,6,818,60k-90k,500-999
292,Young,Male,Rent,Married,Close,36700,0,Medium,12,731,30k-60k,500-999
293,Old,Male,Own,Married,Far,54600,0,High,24,2163,30k-60k,"2,000-3,999"
294,Middle,Male,Own,Married,Close,65900,1,Medium,12,1081,60k-90k,"1,000-1,999"
295,Young,Male,Own,Single,Far,39600,0,None,12,1085,30k-60k,"1,000-1,999"
296,Young,Male,Rent,Married,Far,67300,3,None,6,1212,60k-90k,"1,000-1,999"
297,Middle,Male,Own,Single,Close,59700,1,None,18,1422,30k-60k,"1,000-1,999"
298,Middle,Female,Own,Married,Far,102800,2,High,18,2238,90k-120k,"2,000-3,999"
299,Middle,Female,Rent,Single,Close,34700,0,None,18,1615,30k-60k,"1,000-1,999"
300,Middle,Male,Own,Single,Close,50600,3,None,6,713,30k-60k,500-999
301,Middle,Male,Rent,Married,Close,106700,2,Medium,6,607,90k-120k,500-999
302,Middle,Male,Rent,Single,Close,53900,1,Medium,6,735,30k-60k,500-999
303,Young,Female,Rent,Married,Close,25500,2,Low,6,139,Under 30k,Under 500
304,Young,Male,Rent,Married,Far,46300,1,Medium,18,1357,30k-60k,"1,000-1,999"
305,Old,Male,Own,Married,Close,55500,0,Medium,18,858,30k-60k,500-999
306,Young,Female,Own,Single,Close,27800,3,None,12,408,Under 30k,Under 500
307,Middle,Male,Own,Married,Close,118600,1,None,12,1553,90k-120k,"1,000-1,999"
308,Middle,Female,Own,Married,Close,130700,3,None,6,2070,120k+,"2,000-3,999"
309,Old,Male,Rent,Single,Close,42800,0,Medium,12,922,30k-60k,500-999
310,Middle,Female,Own,Married,Far,118300,1,High,12,2502,90k-120k,"2,000-3,999"
311,Young,Female,Rent,Single,Far,25600,2,None,18,426,Under 30k,Under 500
312,Middle,Male,Rent,Married,Close,63500,2,None,24,2321,60k-90k,"2,000-3,999"
313,Old,Female,Own,Single,Close,30900,0,Medium,18,862,30k-60k,500-999
314,Middle,Male,Own,Single,Close,55900,1,None,24,2555,30k-60k,"2,000-3,999"
315,Middle,Male,Own,Single,Far,53900,0,None,12,1186,30k-60k,"1,000-1,999"
316,Old,Male,Own,Married,Close,84300,0,High,24,2842,60k-90k,"2,000-3,999"
317,Old,Male,Own,Single,Close,53400,1,Medium,12,886,30k-60k,500-999
318,Middle,Male,Own,Married,Close,96900,1,High,12,1420,90k-120k,"1,000-1,999"
319,Middle,Male,Rent,Single,Far,55800,1,None,6,821,30k-60k,500-999
320,Young,Female,Rent,Married,Close,25900,1,Low,6,242,Under 30k,Under 500
321,Young,Female,Rent,Single,Close,22000,1,Low,12,472,Under 30k,Under 500
322,Middle,Female,Rent,Married,Close,96700,2,Medium,12,1231,90k-120k,"1,000-1,999"
323,Middle,Female,Rent,Single,Close,40200,1,None,12,881,30k-60k,500-999
324,Old,Male,Own,Married,Close,26800,0,Low,12,435,Under 30k,Under 500
325,Young,Female,Rent,Single,Close,16700,2,Low,12,108,Under 30k,Under 500
326,Young,Female,Rent,Married,Close,40900,2,Low,18,576,30k-60k,500-999
327,Young,Male,Rent,Married,Far,41500,3,None,24,1314,30k-60k,"1,000-1,999"
328,Young,Male,Rent,Single,Close,20900,0,None,6,296,Under 30k,Under 500
329,Young,Female,Rent,Married,Close,69700,2,Medium,6,584,60k-90k,500-999
330,Middle,Male,Rent,Single,Close,61800,0,High,24,1156,60k-90k,"1,000-1,999"
331,Middle,Male,Own,Married,Close,102500,1,High,24,2464,90k-120k,"2,000-3,999"
332,Middle,Female,Own,Married,Close,48900,3,None,18,915,30k-60k,500-999
333,Middle,Male,Own,Single,Close,60300,0,None,24,2091,60k-90k,"2,000-3,999"
334,Young,Male,Rent,Married,Far,41600,0,High,24,1690,30k-60k,"1,000-1,999"
335,Middle,Male,Own,Single,Close,73700,1,Medium,12,1274,60k-90k,"1,000-1,999"
336,Young,Female,Rent,Single,Close,27000,1,None,24,1012,Under 30k,"1,000-1,999"
337,Middle,Female,Rent,Single,Close,43700,0,Medium,12,950,30k-60k,500-999
338,Young,Male,Rent,Single,Close,10200,2,None,12,333,Under 30k,Under 500
339,Middle,Female,Own,Married,Close,63300,2,Medium,24,679,60k-90k,500-999
340,Young,Female,Own,Single,Far,33200,2,Medium,12,607,30k-60k,500-999
341,Old,Female,Own,Married,Far,78800,0,High,18,3398,60k-90k,"2,000-3,999"
342,Middle,Male,Own,Married,Close,82500,0,High,6,859,60k-90k,500-999
343,Middle,Male,Own,Single,Far,80800,2,High,18,2444,60k-90k,"2,000-3,999"
344,Middle,Male,Own,Married,Close,88100,2,Medium,24,1078,60k-90k,"1,000-1,999"
345,Middle,Male,Rent,Married,Far,124800,3,High,18,2537,120k+,"2,000-3,999"
346,Young,Male,Own,Single,Close,31900,0,Medium,6,616,30k-60k,500-999
347,Middle,Female,Own,Single,Close,53300,3,None,6,508,30k-60k,500-999
348,Old,Male,Own,Married,Far,15400,0,Low,6,297,Under 30k,Under 500
349,Middle,Male,Own,Married,Close,70200,0,None,6,1583,60k-90k,"1,000-1,999"
350,Young,Female,Rent,Single,Close,23000,3,Low,6,79,Under 30k,Under 500
351,Middle,Female,Own,Married,Close,82400,2,Medium,18,657,60k-90k,500-999
352,Middle,Female,Own,Married,Close,97900,0,High,24,2149,90k-120k,"2,000-3,999"
353,Old,Female,Rent,Married,Far,88400,0,High,18,3632,60k-90k,"2,000-3,999"
354,Middle,Female,Own,Married,Close,86900,0,High,18,2230,60k-90k,"2,000-3,999"
355,Middle,Female,Own,Single,Close,45100,1,Medium,12,448,30k-60k,Under 500
356,Middle,Male,Rent,Single,Close,41800,3,Low,24,301,30k-60k,Under 500
357,Old,Male,Own,Married,Close,74800,0,High,18,1968,60k-90k,"1,000-1,999"
358,Middle,Female,Rent,Married,Close,73000,1,Medium,6,490,60k-90k,Under 500
359,Middle,Male,Own,Married,Close,118500,1,High,24,3063,90k-120k,"2,000-3,999"
360,Middle,Male,Own,Single,Close,65300,3,Low,6,193,60k-90k,Under 500
361,Middle,Female,Rent,Married,Close,66300,2,Medium,12,544,60k-90k,500-999
362,Middle,Male,Own,Married,Far,103900,1,High,24,2666,90k-120k,"2,000-3,999"
363,Middle,Female,Own,Married,Close,71900,0,High,18,1846,60k-90k,"1,000-1,999"
364,Middle,Male,Own,Married,Far,86100,1,None,12,1255,60k-90k,"1,000-1,999"
365,Middle,Male,Own,Married,Close,96300,1,High,12,1081,90k-120k,"1,000-1,999"
366,Young,Female,Rent,Single,Close,10200,3,None,6,199,Under 30k,Under 500
367,Middle,Male,Own,Married,Close,96300,2,None,18,3916,90k-120k,"2,000-3,999"
368,Old,Female,Own,Single,Far,24000,1,Low,6,357,Under 30k,Under 500
369,Middle,Female,Rent,Married,Close,46700,0,Medium,24,983,30k-60k,500-999
370,Middle,Female,Rent,Single,Close,53700,2,None,12,1194,30k-60k,"1,000-1,999"
371,Middle,Male,Rent,Married,Close,108300,2,None,12,2224,90k-120k,"2,000-3,999"
372,Young,Female,Rent,Single,Close,12100,1,Low,6,90,Under 30k,Under 500
373,Young,Male,Rent,Married,Close,36600,0,None,6,587,30k-60k,500-999
374,Old,Male,Own,Married,Close,66300,0,High,12,1088,60k-90k,"1,000-1,999"
375,Young,Female,Own,Single,Close,33400,1,None,6,617,30k-60k,500-999
376,Middle,Male,Own,Married,Far,70000,1,None,6,1227,60k-90k,"1,000-1,999"
377,Middle,Female,Own,Single,Close,47900,1,Medium,24,662,30k-60k,500-999
378,Middle,Female,Rent,Married,Close,40500,2,Low,18,622,30k-60k,500-999
379,Old,Male,Own,Single,Close,69100,0,High,12,1477,60k-90k,"1,000-1,999"
380,Young,Female,Rent,Single,Close,13300,1,None,6,236,Under 30k,Under 500
381,Middle,Female,Rent,Married,Far,75800,1,High,12,1830,60k-90k,"1,000-1,999"
382,Middle,Female,Rent,Married,Close,48600,0,Medium,24,1583,30k-60k,"1,000-1,999"
383,Old,Female,Own,Single,Close,39600,0,Medium,12,610,30k-60k,500-999
384,Young,Female,Rent,Single,Close,11700,0,Low,12,193,Under 30k,Under 500
385,Young,Male,Rent,Married,Close,52600,1,Medium,12,1052,30k-60k,"1,000-1,999"
386,Young,Male,Rent,Single,Close,14600,3,None,6,307,Under 30k,Under 500
387,Old,Male,Own,Married,Close,123000,0,High,24,3671,120k+,"2,000-3,999"
388,Old,Female,Rent,Married,Far,64600,0,High,18,2206,60k-90k,"2,000-3,999"
389,Middle,Female,Own,Single,Far,34600,2,Medium,18,748,30k-60k,500-999
390,Middle,Male,Own,Married,Close,74500,0,High,6,1481,60k-90k,"1,000-1,999"
391,Old,Male,Own,Married,Close,56600,0,None,24,1607,30k-60k,"1,000-1,999"
392,Old,Female,Rent,Single,Close,37000,1,None,6,632,30k-60k,500-999
393,Young,Female,Rent,Single,Far,18400,1,Low,6,303,Under 30k,Under 500
394,Young,Male,Rent,Single,Close,25000,0,Low,6,264,Under 30k,Under 500
395,Middle,Male,Own,Married,Far,61400,1,High,24,1575,60k-90k,"1,000-1,999"
396,Middle,Male,Own,Married,Close,76400,2,Medium,18,881,60k-90k,500-999
397,Young,Male,Own,Married,Close,55100,0,Medium,18,1439,30k-60k,"1,000-1,999"
398,Old,Female,Own,Married,Far,22800,0,None,12,452,Under 30k,Under 500
399,Old,Female,Own,Married,Close,10100,1,Low,6,93,Under 30k,Under 500
400,Young,Male,Rent,Single,Close,17800,0,Low,18,292,Under 30k,Under 500
401,Middle,Female,Own,Married,Close,59100,1,None,6,1426,30k-60k,"1,000-1,999"
402,Young,Female,Rent,Single,Far,19700,2,Low,6,330,Under 30k,Under 500
403,Middle,Male,Own,Married,Far,73800,0,High,24,3120,60k-90k,"2,000-3,999"
404,Middle,Male,Own,Married,Far,113300,1,High,18,5151,90k-120k,"4,000+"
405,Middle,Male,Own,Married,Far,118400,2,None,12,3941,90k-120k,"2,000-3,999"
406,Middle,Male,Own,Married,Close,92300,1,None,24,2141,90k-120k,"2,000-3,999"
407,Young,Male,Rent,Single,Close,11200,0,None,6,106,Under 30k,Under 500
408,Young,Female,Rent,Married,Far,30100,0,Medium,12,530,30k-60k,500-999
409,Middle,Female,Own,Single,Close,43500,1,Medium,12,500,30k-60k,500-999
410,Middle,Male,Own,Married,Close,97500,0,High,18,2837,90k-120k,"2,000-3,999"
411,Old,Male,Own,Married,Close,54600,0,Medium,24,1246,30k-60k,"1,000-1,999"
412,Middle,Male,Rent,Single,Far,42500,1,None,6,798,30k-60k,500-999
413,Middle,Male,Own,Single,Close,82800,0,None,6,1544,60k-90k,"1,000-1,999"
414,Old,Male,Own,Married,Far,62300,0,High,24,2644,60k-90k,"2,000-3,999"
415,Young,Male,Rent,Single,Far,21900,2,None,6,192,Under 30k,Under 500
416,Middle,Female,Rent,Single,Far,35600,3,Low,18,865,30k-60k,500-999
417,Middle,Male,Own,Married,Close,96900,0,High,6,1159,90k-120k,"1,000-1,999"
418,Young,Female,Rent,Married,Close,36900,1,None,18,1480,30k-60k,"1,000-1,999"
419,Middle,Female,Rent,Married,Close,93500,1,High,18,1426,90k-120k,"1,000-1,999"
420,Middle,Male,Own,Married,Close,97300,1,None,12,3048,90k-120k,"2,000-3,999"
421,Young,Male,Rent,Single,Close,21900,0,Low,12,276,Under 30k,Under 500
422,Middle,Male,Rent,Single,Close,63000,0,High,24,1910,60k-90k,"1,000-1,999"
423,Young,Female,Rent,Single,Close,11500,3,None,6,157,Under 30k,Under 500
424,Middle,Male,Own,Single,Close,44600,2,Low,6,236,30k-60k,Under 500
425,Young,Female,Rent,Single,Close,21900,1,None,12,576,Under 30k,500-999
426,Middle,Male,Rent,Single,Far,45100,1,Medium,12,794,30k-60k,500-999
427,Old,Female,Own,Married,Close,74900,0,High,12,1474,60k-90k,"1,000-1,999"
428,Young,Male,Rent,Single,Close,14200,0,Low,6,250,Under 30k,Under 500
429,Young,Female,Rent,Single,Far,23200,2,None,24,788,Under 30k,500-999
430,Old,Male,Own,Married,Close,73300,0,None,12,1694,60k-90k,"1,000-1,999"
431,Old,Male,Own,Married,Far,41300,0,High,24,1985,30k-60k,"1,000-1,999"
432,Old,Female,Own,Single,Far,32700,0,Medium,24,1252,30k-60k,"1,000-1,999"
433,Old,Female,Own,Single,Close,35200,0,None,12,827,30k-60k,500-999
434,Young,Female,Rent,Single,Close,13100,0,None,18,314,Under 30k,Under 500
435,Middle,Male,Own,Married,Close,97400,1,High,6,880,90k-120k,500-999
436,Young,Female,Rent,Single,Far,23100,2,Low,6,466,Under 30k,Under 500
437,Middle,Male,Own,Single,Close,49200,3,Low,12,210,30k-60k,Under 500
438,Middle,Male,Own,Single,Far,45000,1,None,18,902,30k-60k,500-999
439,Middle,Male,Own,Married,Close,87200,0,High,18,1274,60k-90k,"1,000-1,999"
440,Middle,Male,Own,Single,Close,49900,1,None,24,1631,30k-60k,"1,000-1,999"
441,Middle,Male,Own,Married,Close,66900,0,High,12,1220,60k-90k,"1,000-1,999"
442,Middle,Female,Own,Single,Close,47600,1,Medium,12,801,30k-60k,500-999
443,Middle,Female,Own,Single,Close,47900,0,None,12,1090,30k-60k,"1,000-1,999"
444,Middle,Male,Own,Single,Close,59400,0,Medium,18,1699,30k-60k,"1,000-1,999"
445,Middle,Female,Rent,Single,Close,32700,2,Low,6,273,30k-60k,Under 500
446,Middle,Male,Rent,Single,Close,34200,1,Low,18,523,30k-60k,500-999
447,Middle,Male,Own,Married,Close,96600,0,None,12,1437,90k-120k,"1,000-1,999"
448,Middle,Female,Own,Married,Close,126300,1,High,6,1888,120k+,"1,000-1,999"
449,Young,Male,Rent,Single,Close,31600,1,None,12,476,30k-60k,Under 500
450,Middle,Female,Own,Married,Far,108100,3,High,18,2632,90k-120k,"2,000-3,999"
451,Middle,Female,Rent,Single,Close,43300,3,Low,24,326,30k-60k,Under 500
452,Old,Female,Rent,Single,Far,17900,0,Low,6,446,Under 30k,Under 500
453,Middle,Male,Own,Single,Far,50100,1,High,18,1071,30k-60k,"1,000-1,999"
454,Old,Female,Own,Married,Close,74700,0,High,12,1699,60k-90k,"1,000-1,999"
455,Old,Male,Rent,Married,Close,60000,0,Medium,6,966,60k-90k,500-999
456,Young,Male,Own,Single,Close,33400,0,None,12,567,30k-60k,500-999
457,Middle,Female,Rent,Married,Close,68800,0,None,6,1658,60k-90k,"1,000-1,999"
458,Middle,Female,Rent,Single,Close,25700,2,Low,6,173,Under 30k,Under 500
459,Middle,Male,Own,Married,Close,83700,0,High,24,3344,60k-90k,"2,000-3,999"
460,Middle,Male,Rent,Single,Close,50500,0,Medium,12,1029,30k-60k,"1,000-1,999"
461,Young,Female,Rent,Single,Close,17300,0,Low,12,345,Under 30k,Under 500
462,Middle,Male,Own,Single,Close,45800,0,None,6,712,30k-60k,500-999
463,Old,Male,Own,Married,Close,108900,0,High,12,1841,90k-120k,"1,000-1,999"
464,Middle,Female,Rent,Married,Close,60500,2,Low,6,409,60k-90k,Under 500
465,Old,Female,Own,Married,Far,84100,0,High,18,2710,60k-90k,"2,000-3,999"
466,Young,Male,Rent,Married,Far,25100,0,Medium,12,592,Under 30k,500-999
467,Middle,Male,Own,Married,Close,69900,1,None,18,2101,60k-90k,"2,000-3,999"
468,Middle,Male,Own,Married,Close,97100,0,None,12,1473,90k-120k,"1,000-1,999"
469,Middle,Female,Own,Married,Close,72200,2,Medium,18,715,60k-90k,500-999
470,Old,Female,Own,Married,Far,78900,0,High,18,2233,60k-90k,"2,000-3,999"
471,Middle,Female,Own,Single,Far,62500,3,None,6,921,60k-90k,500-999
472,Young,Female,Rent,Single,Close,17800,1,Low,6,216,Under 30k,Under 500
473,Middle,Female,Own,Married,Close,105500,1,High,6,1781,90k-120k,"1,000-1,999"
474,Middle,Female,Own,Single,Close,46100,2,Low,12,418,30k-60k,Under 500
475,Young,Male,Rent,Single,Close,27100,1,Low,12,268,Under 30k,Under 500
476,Young,Male,Rent,Married,Far,60300,1,None,6,1252,60k-90k,"1,000-1,999"
477,Young,Female,Rent,Single,Close,12000,0,Low,6,140,Under 30k,Under 500
478,Middle,Female,Own,Single,Close,48400,0,Medium,12,992,30k-60k,500-999
479,Middle,Male,Rent,Single,Close,45600,0,Medium,18,1388,30k-60k,"1,000-1,999"
480,Middle,Female,Own,Single,Close,35200,2,Low,6,233,30k-60k,Under 500
481,Middle,Male,Rent,Single,Far,60200,0,High,24,2304,60k-90k,"2,000-3,999"
482,Middle,Female,Rent,Married,Far,53900,1,High,18,2177,30k-60k,"2,000-3,999"
483,Middle,Male,Own,Married,Close,70400,2,None,12,1127,60k-90k,"1,000-1,999"
484,Young,Male,Rent,Married,Close,36900,0,Medium,18,721,30k-60k,500-999
485,Old,Female,Own,Single,Close,36100,0,Medium,12,438,30k-60k,Under 500
486,Young,Female,Rent,Single,Close,11000,2,None,18,393,Under 30k,Under 500
487,Middle,Male,Own,Single,Close,61600,0,None,18,1666,60k-90k,"1,000-1,999"
488,Middle,Male,Own,Married,Close,88700,1,None,18,2448,60k-90k,"2,000-3,999"
489,Middle,Female,Own,Married,Far,88600,1,High,18,2563,60k-90k,"2,000-3,999"
490,Middle,Male,Rent,Married,Close,79500,0,High,18,1763,60k-90k,"1,000-1,999"
491,Young,Female,Rent,Single,Close,18900,1,Low,6,184,Under 30k,Under 500
492,Old,Female,Own,Single,Close,17300,0,Low,6,166,Under 30k,Under 500
493,Middle,Female,Rent,Married,Close,81400,2,None,6,1014,60k-90k,"1,000-1,999"
494,Young,Male,Rent,Married,Close,36500,0,Medium,24,1140,30k-60k,"1,000-1,999"
495,Middle,Female,Own,Single,Close,43300,1,None,18,1021,30k-60k,"1,000-1,999"
496,Middle,Male,Own,Married,Close,76700,1,Medium,24,1431,60k-90k,"1,000-1,999"
497,Middle,Male,Own,Married,Far,123000,1,High,24,5878,120k+,"4,000+"
498,Middle,Male,Own,Single,Close,56300,3,Low,6,321,30k-60k,Under 500
499,Middle,Male,Own,Married,Close,70000,0,High,24,1974,60k-90k,"1,000-1,999"
500,Middle,Male,Own,Single,Close,48100,0,Medium,18,1640,30k-60k,"1,000-1,999"
501,Young,Female,Rent,Married,Close,79400,0,None,6,1175,60k-90k,"1,000-1,999"
502,Middle,Female,Own,Married,Close,63700,3,Low,12,364,60k-90k,Under 500
503,Young,Male,Rent,Single,Close,21200,0,None,12,417,Under 30k,Under 500
504,Middle,Male,Rent,Single,Close,53900,0,Medium,12,1060,30k-60k,"1,000-1,999"
505,Old,Female,Own,Married,Close,118800,0,High,18,2176,90k-120k,"2,000-3,999"
506,Middle,Female,Own,Married,Close,79400,3,Low,6,200,60k-90k,Under 500
507,Old,Female,Rent,Single,Far,20400,0,None,24,513,Under 30k,500-999
508,Middle,Male,Rent,Single,Close,52400,0,None,18,857,30k-60k,500-999
509,Old,Female,Own,Single,Close,17600,0,Low,6,224,Under 30k,Under 500
510,Young,Male,Rent,Single,Close,23500,0,Low,12,371,Under 30k,Under 500
511,Young,Male,Rent,Married,Close,56900,2,Low,12,687,30k-60k,500-999
512,Middle,Male,Own,Married,Close,95100,2,Medium,12,809,90k-120k,500-999
513,Middle,Male,Own,Married,Close,119800,2,Medium,24,2090,90k-120k,"2,000-3,999"
514,Old,Male,Own,Single,Close,58700,0,None,24,1479,30k-60k,"1,000-1,999"
515,Middle,Female,Own,Married,Close,76700,2,Medium,6,534,60k-90k,500-999
516,Middle,Male,Own,Married,Close,67600,1,Medium,18,1172,60k-90k,"1,000-1,999"
517,Middle,Male,Own,Single,Close,61500,2,Medium,24,968,60k-90k,500-999
518,Old,Female,Own,Married,Close,72900,0,High,6,753,60k-90k,500-999
519,Old,Female,Rent,Single,Close,21200,0,Low,6,242,Under 30k,Under 500
520,Old,Male,Rent,Single,Close,32400,1,Low,12,515,30k-60k,500-999
521,Middle,Female,Own,Married,Close,62200,3,None,24,2119,60k-90k,"2,000-3,999"
522,Old,Female,Own,Single,Close,24400,0,Low,6,491,Under 30k,Under 500
523,Middle,Male,Own,Married,Close,66500,3,Low,12,286,60k-90k,Under 500
524,Old,Female,Rent,Married,Far,72200,0,High,24,3069,60k-90k,"2,000-3,999"
525,Young,Female,Rent,Single,Close,16900,2,None,6,281,Under 30k,Under 500
526,Young,Male,Rent,Married,Close,56300,0,None,24,1608,30k-60k,"1,000-1,999"
527,Old,Female,Own,Single,Far,22000,0,Medium,12,736,Under 30k,500-999
528,Young,Female,Rent,Single,Close,18800,2,Low,18,170,Under 30k,Under 500
529,Young,Female,Rent,Single,Close,26600,2,Low,24,245,Under 30k,Under 500
530,Middle,Female,Rent,Married,Close,72100,0,High,24,3052,60k-90k,"2,000-3,999"
531,Middle,Male,Own,Single,Far,55600,0,High,18,1786,30k-60k,"1,000-1,999"
532,Young,Female,Rent,Single,Close,14600,3,Low,6,47,Under 30k,Under 500
533,Old,Male,Own,Married,Close,45900,0,Medium,24,1645,30k-60k,"1,000-1,999"
534,Young,Female,Own,Single,Close,15100,0,Low,6,274,Under 30k,Under 500
535,Middle,Male,Own,Married,Close,140700,3,Medium,12,1001,120k+,"1,000-1,999"
536,Middle,Male,Own,Married,Close,90300,0,High,24,1944,90k-120k,"1,000-1,999"
537,Old,Male,Own,Married,Close,95900,0,High,24,2585,90k-120k,"2,000-3,999"
538,Young,Male,Rent,Single,Far,20800,0,None,6,260,Under 30k,Under 500
539,Middle,Male,Own,Married,Close,98400,0,High,12,1414,90k-120k,"1,000-1,999"
540,Young,Female,Rent,Single,Close,15000,2,None,12,341,Under 30k,Under 500
541,Young,Male,Rent,Single,Close,17700,1,Low,12,268,Under 30k,Under 500
542,Middle,Male,Own,Married,Close,102400,1,High,18,1237,90k-120k,"1,000-1,999"
543,Young,Male,Rent,Single,Far,17800,1,None,18,589,Under 30k,500-999
544,Young,Male,Rent,Single,Far,13800,1,Low,12,368,Under 30k,Under 500
545,Middle,Female,Rent,Single,Close,50500,1,Medium,12,940,30k-60k,500-999
546,Middle,Female,Rent,Single,Close,42000,3,Low,18,232,30k-60k,Under 500
547,Middle,Male,Own,Married,Close,95800,3,Low,12,678,90k-120k,500-999
548,Young,Male,Rent,Single,Close,15200,0,None,12,324,Under 30k,Under 500
549,Young,Male,Rent,Single,Close,15800,2,Low,12,147,Under 30k,Under 500
550,Old,Male,Own,Single,Close,51400,0,None,6,694,30k-60k,500-999
551,Old,Female,Rent,Married,Close,38200,0,Medium,6,526,30k-60k,500-999
552,Middle,Female,Rent,Single,Close,39900,1,Low,12,586,30k-60k,500-999
553,Young,Female,Own,Single,Close,21600,2,None,12,491,Under 30k,Under 500
554,Old,Female,Own,Married,Close,65900,0,High,24,1436,60k-90k,"1,000-1,999"
555,Middle,Female,Own,Married,Close,97500,1,High,12,1280,90k-120k,"1,000-1,999"
556,Middle,Male,Rent,Married,Far,63000,0,High,18,2107,60k-90k,"2,000-3,999"
557,Young,Female,Own,Single,Far,31900,0,None,12,860,30k-60k,500-999
558,Middle,Female,Rent,Single,Far,45500,1,None,18,1624,30k-60k,"1,000-1,999"
559,Old,Female,Own,Single,Close,12800,0,None,12,230,Under 30k,Under 500
560,Old,Female,Own,Married,Far,12600,2,Low,12,164,Under 30k,Under 500
561,Middle,Male,Rent,Single,Close,50700,3,Low,6,157,30k-60k,Under 500
562,Young,Female,Rent,Single,Close,17900,3,Low,6,62,Under 30k,Under 500
563,Young,Female,Rent,Single,Close,14400,1,Low,18,223,Under 30k,Under 500
564,Old,Female,Own,Single,Close,23800,0,Low,6,438,Under 30k,Under 500
565,Middle,Male,Own,Married,Close,84700,3,None,24,2705,60k-90k,"2,000-3,999"
566,Middle,Female,Rent,Single,Close,36900,1,Low,6,371,30k-60k,Under 500
567,Old,Female,Own,Single,Close,20600,0,Low,6,201,Under 30k,Under 500
568,Young,Male,Rent,Married,Close,41500,0,None,24,1213,30k-60k,"1,000-1,999"
569,Middle,Male,Own,Married,Close,83100,2,Medium,6,586,60k-90k,500-999
570,Middle,Male,Own,Married,Far,88700,2,High,24,2693,60k-90k,"2,000-3,999"
571,Old,Female,Own,Married,Close,54700,0,Medium,24,1404,30k-60k,"1,000-1,999"
572,Middle,Male,Own,Single,Close,68900,2,None,18,2784,60k-90k,"2,000-3,999"
573,Young,Female,Rent,Single,Close,22200,2,Low,18,275,Under 30k,Under 500
574,Middle,Female,Own,Married,Close,70900,1,Medium,12,794,60k-90k,500-999
575,Middle,Male,Own,Single,Close,55900,0,Medium,12,964,30k-60k,500-999
576,Middle,Female,Own,Married,Close,80800,1,None,18,1598,60k-90k,"1,000-1,999"
577,Middle,Male,Own,Married,Far,100600,3,High,24,2838,90k-120k,"2,000-3,999"
578,Old,Female,Own,Single,Close,39900,0,None,6,619,30k-60k,500-999
579,Young,Female,Rent,Married,Close,71200,3,Low,12,392,60k-90k,Under 500
580,Old,Female,Own,Married,Close,61000,0,None,18,1850,60k-90k,"1,000-1,999"
581,Old,Male,Own,Single,Close,38700,0,None,24,1506,30k-60k,"1,000-1,999"
582,Middle,Male,Own,Married,Far,98900,0,None,18,3126,90k-120k,"2,000-3,999"
583,Middle,Male,Own,Single,Close,64300,0,None,6,1325,60k-90k,"1,000-1,999"
584,Middle,Female,Own,Married,Close,75600,0,None,12,1541,60k-90k,"1,000-1,999"
585,Young,Female,Rent,Married,Far,53700,0,High,24,2491,30k-60k,"2,000-3,999"
586,Middle,Male,Own,Single,Close,66600,0,High,18,1177,60k-90k,"1,000-1,999"
587,Old,Female,Own,Married,Close,89000,0,High,12,1487,60k-90k,"1,000-1,999"
588,Young,Female,Rent,Single,Far,18200,2,Low,12,322,Under 30k,Under 500
589,Young,Female,Rent,Married,Close,73600,1,Medium,6,647,60k-90k,500-999
590,Middle,Female,Rent,Single,Far,45600,0,High,12,1322,30k-60k,"1,000-1,999"
591,Young,Male,Own,Married,Close,73000,0,None,6,1534,60k-90k,"1,000-1,999"
592,Young,Male,Own,Single,Close,29600,3,None,12,583,Under 30k,500-999
593,Middle,Male,Rent,Married,Close,92900,1,None,6,1705,90k-120k,"1,000-1,999"
594,Old,Female,Rent,Single,Far,13900,0,Low,6,191,Under 30k,Under 500
595,Young,Male,Rent,Married,Close,64300,3,Low,6,239,60k-90k,Under 500
596,Middle,Male,Own,Married,Close,77100,2,Medium,6,568,60k-90k,500-999
597,Young,Female,Own,Single,Close,27500,3,None,12,571,Under 30k,500-999
598,Old,Male,Rent,Married,Close,81800,0,High,6,919,60k-90k,500-999
599,Old,Female,Rent,Married,Close,41700,0,Medium,18,1398,30k-60k,"1,000-1,999"
600,Old,Female,Own,Married,Close,51000,0,Medium,12,1025,30k-60k,"1,000-1,999"
601,Middle,Male,Rent,Single,Close,55900,1,Medium,12,909,30k-60k,500-999
602,Young,Male,Rent,Single,Close,19800,2,Low,12,209,Under 30k,Under 500
603,Young,Male,Rent,Single,Close,17600,0,None,6,245,Under 30k,Under 500
604,Middle,Male,Rent,Married,Far,84100,1,High,24,2362,60k-90k,"2,000-3,999"
605,Middle,Male,Own,Married,Close,85600,0,High,24,3380,60k-90k,"2,000-3,999"
606,Young,Male,Rent,Single,Close,13400,0,Low,18,424,Under 30k,Under 500
607,Young,Female,Rent,Married,Far,47200,1,Medium,12,1272,30k-60k,"1,000-1,999"
608,Middle,Male,Own,Married,Close,96300,1,High,24,1909,90k-120k,"1,000-1,999"
609,Middle,Male,Own,Married,Close,60500,3,Low,12,340,60k-90k,Under 500
610,Middle,Female,Own,Single,Close,35800,1,None,24,1355,30k-60k,"1,000-1,999"
611,Middle,Male,Rent,Married,Close,106100,3,Low,12,472,90k-120k,Under 500
612,Young,Male,Rent,Single,Close,18000,0,Low,12,303,Under 30k,Under 500
613,Middle,Male,Rent,Single,Far,50000,1,None,6,1079,30k-60k,"1,000-1,999"
614,Old,Female,Own,Single,Close,58200,0,Medium,18,981,30k-60k,500-999
615,Young,Female,Rent,Single,Far,13500,2,Low,12,160,Under 30k,Under 500
616,Middle,Female,Own,Married,Close,59900,1,None,6,613,30k-60k,500-999
617,Young,Female,Rent,Single,Far,18400,1,Low,12,662,Under 30k,500-999
618,Middle,Male,Rent,Married,Close,62800,3,Low,6,177,60k-90k,Under 500
619,Middle,Male,Rent,Single,Close,70000,0,High,6,785,60k-90k,500-999
620,Young,Female,Rent,Single,Far,13600,1,None,18,349,Under 30k,Under 500
621,Middle,Female,Rent,Married,Close,97400,3,Low,6,213,90k-120k,Under 500
622,Old,Female,Own,Married,Far,37500,0,Medium,18,1578,30k-60k,"1,000-1,999"
623,Old,Female,Own,Single,Close,22800,0,Low,6,258,Under 30k,Under 500
624,Young,Female,Rent,Single,Close,14200,0,None,6,192,Under 30k,Under 500
625,Young,Male,Rent,Single,Close,18700,0,Low,12,289,Under 30k,Under 500
626,Middle,Male,Own,Married,Close,107400,1,High,24,1821,90k-120k,"1,000-1,999"
627,Young,Female,Rent,Single,Far,28900,0,Medium,24,905,Under 30k,500-999
628,Middle,Male,Rent,Married,Close,38400,2,Low,6,188,30k-60k,Under 500
629,Middle,Male,Rent,Single,Close,54200,0,None,18,1405,30k-60k,"1,000-1,999"
630,Old,Male,Own,Married,Close,102700,0,None,18,2381,90k-120k,"2,000-3,999"
631,Young,Female,Rent,Single,Close,13300,1,Low,6,184,Under 30k,Under 500
632,Middle,Male,Own,Single,Close,60200,3,None,12,1364,60k-90k,"1,000-1,999"
633,Young,Male,Rent,Single,Close,21400,0,None,12,414,Under 30k,Under 500
634,Young,Female,Rent,Single,Close,21700,2,None,6,387,Under 30k,Under 500
635,Young,Male,Rent,Single,Close,23200,1,Low,24,504,Under 30k,500-999
636,Middle,Male,Own,Married,Close,64800,2,Medium,12,574,60k-90k,500-999
637,Middle,Male,Rent,Single,Close,55600,0,Medium,6,984,30k-60k,500-999
638,Middle,Male,Own,Married,Far,89500,0,High,24,5209,60k-90k,"4,000+"
639,Young,Female,Rent,Single,Far,12500,1,None,12,422,Under 30k,Under 500
640,Middle,Male,Own,Married,Close,87000,0,High,24,1594,60k-90k,"1,000-1,999"
641,Middle,Female,Rent,Single,Far,31200,3,None,24,1087,30k-60k,"1,000-1,999"
642,Young,Female,Rent,Single,Close,13700,1,None,6,163,Under 30k,Under 500
643,Middle,Male,Own,Single,Close,55500,3,Low,18,427,30k-60k,Under 500
644,Middle,Female,Rent,Single,Close,58600,1,Medium,6,624,30k-60k,500-999
645,Young,Female,Own,Married,Far,55900,1,None,6,788,30k-60k,500-999
646,Young,Female,Rent,Single,Far,13700,2,None,24,414,Under 30k,Under 500
647,Old,Female,Own,Married,Far,81400,0,High,24,3001,60k-90k,"2,000-3,999"
648,Old,Female,Own,Married,Close,90500,0,High,6,863,90k-120k,500-999
649,Middle,Female,Own,Married,Close,82200,1,None,12,1517,60k-90k,"1,000-1,999"
650,Middle,Male,Own,Married,Far,65400,3,None,6,836,60k-90k,500-999
651,Middle,Male,Own,Single,Close,74400,0,High,12,1152,60k-90k,"1,000-1,999"
652,Young,Male,Rent,Married,Far,63300,3,None,6,1408,60k-90k,"1,000-1,999"
653,Young,Male,Rent,Married,Far,51600,0,None,12,1082,30k-60k,"1,000-1,999"
654,Young,Male,Rent,Married,Far,55000,0,None,12,1162,30k-60k,"1,000-1,999"
655,Middle,Female,Own,Single,Close,43900,2,Low,6,358,30k-60k,Under 500
656,Young,Female,Own,Single,Close,20300,1,Low,12,304,Under 30k,Under 500
657,Young,Female,Own,Single,Far,16300,0,None,12,360,Under 30k,Under 500
658,Middle,Male,Own,Married,Close,97600,2,Medium,12,1162,90k-120k,"1,000-1,999"
659,Old,Female,Rent,Single,Far,15100,0,Low,6,348,Under 30k,Under 500
660,Young,Female,Rent,Single,Close,12500,3,None,12,206,Under 30k,Under 500
661,Young,Female,Rent,Single,Close,10600,2,Low,12,114,Under 30k,Under 500
662,Middle,Female,Own,Single,Close,41300,1,None,18,932,30k-60k,500-999
663,Young,Female,Own,Single,Close,27200,2,Low,18,446,Under 30k,Under 500
664,Middle,Male,Own,Married,Close,102400,1,None,12,2466,90k-120k,"2,000-3,999"
665,Young,Female,Own,Single,Far,27900,1,None,12,576,Under 30k,500-999
666,Old,Male,Rent,Married,Far,23800,0,None,12,428,Under 30k,Under 500
667,Middle,Male,Own,Married,Close,100000,1,High,24,2247,90k-120k,"2,000-3,999"
668,Middle,Female,Rent,Married,Far,43300,3,Medium,24,716,30k-60k,500-999
669,Middle,Male,Own,Married,Close,65800,1,None,12,1017,60k-90k,"1,000-1,999"
670,Middle,Female,Own,Married,Close,49700,2,Low,18,613,30k-60k,500-999
671,Middle,Female,Rent,Married,Close,82300,2,Medium,12,580,60k-90k,500-999
672,Middle,Male,Rent,Single,Close,41200,0,Medium,12,841,30k-60k,500-999
673,Young,Male,Rent,Single,Close,29200,0,Low,18,737,Under 30k,500-999
674,Middle,Female,Own,Single,Close,51900,2,None,12,1162,30k-60k,"1,000-1,999"
675,Middle,Female,Own,Married,Close,85500,2,Medium,18,895,60k-90k,500-999
676,Young,Female,Rent,Single,Far,12400,3,Low,18,205,Under 30k,Under 500
677,Middle,Female,Own,Married,Close,111900,1,None,12,2340,90k-120k,"2,000-3,999"
678,Middle,Female,Rent,Single,Close,40400,1,Low,24,630,30k-60k,500-999
679,Young,Male,Rent,Single,Far,10900,0,Low,24,407,Under 30k,Under 500
680,Middle,Male,Own,Married,Close,82400,3,None,18,2122,60k-90k,"2,000-3,999"
681,Young,Female,Rent,Single,Close,13200,1,Low,12,227,Under 30k,Under 500
682,Middle,Male,Rent,Single,Close,57800,0,Medium,24,1149,30k-60k,"1,000-1,999"
683,Old,Female,Own,Married,Close,52200,1,Medium,12,669,30k-60k,500-999
684,Middle,Male,Rent,Married,Far,64600,2,None,24,2935,60k-90k,"2,000-3,999"
685,Middle,Female,Own,Single,Close,43100,0,None,24,1444,30k-60k,"1,000-1,999"
686,Old,Female,Own,Married,Far,40100,0,Medium,12,1384,30k-60k,"1,000-1,999"
687,Old,Male,Own,Married,Close,84500,0,None,12,1557,60k-90k,"1,000-1,999"
688,Old,Male,Rent,Married,Close,34500,0,Medium,12,802,30k-60k,500-999
689,Young,Female,Rent,Married,Close,61000,1,None,18,1611,60k-90k,"1,000-1,999"
690,Old,Female,Own,Married,Far,79300,0,None,12,2047,60k-90k,"2,000-3,999"
691,Middle,Male,Rent,Single,Close,44500,0,Medium,24,1175,30k-60k,"1,000-1,999"
692,Young,Male,Rent,Married,Close,39700,0,Medium,18,1011,30k-60k,"1,000-1,999"
693,Old,Female,Own,Single,Close,30300,0,Low,18,1062,30k-60k,"1,000-1,999"
694,Young,Female,Rent,Single,Close,20100,1,Low,12,271,Under 30k,Under 500
695,Old,Male,Own,Married,Far,86500,0,High,24,2690,60k-90k,"2,000-3,999"
696,Old,Female,Rent,Single,Close,42500,0,Medium,24,918,30k-60k,500-999
697,Middle,Male,Own,Married,Close,102300,0,High,24,2438,90k-120k,"2,000-3,999"
698,Middle,Female,Own,Single,Far,52600,2,Medium,12,1307,30k-60k,"1,000-1,999"
699,Middle,Female,Rent,Single,Far,37800,2,None,12,1185,30k-60k,"1,000-1,999"
700,Young,Female,Rent,Single,Close,20300,2,Low,12,180,Under 30k,Under 500
701,Middle,Male,Own,Married,Close,71600,1,None,12,1198,60k-90k,"1,000-1,999"
702,Young,Male,Rent,Married,Close,54500,1,Medium,18,1001,30k-60k,"1,000-1,999"
703,Middle,Male,Rent,Single,Close,54700,0,Medium,24,1355,30k-60k,"1,000-1,999"
704,Middle,Male,Rent,Single,Far,58600,2,None,6,989,30k-60k,500-999
705,Middle,Male,Rent,Single,Far,53800,0,High,12,1803,30k-60k,"1,000-1,999"
706,Middle,Female,Own,Married,Close,131500,3,None,6,2840,120k+,"2,000-3,999"
707,Middle,Male,Rent,Single,Far,52200,0,High,24,1909,30k-60k,"1,000-1,999"
708,Young,Male,Rent,Married,Close,37200,1,Low,6,247,30k-60k,Under 500
709,Young,Male,Rent,Single,Far,22900,1,None,12,814,Under 30k,500-999
710,Young,Male,Rent,Married,Close,55500,3,Low,12,216,30k-60k,Under 500
711,Young,Female,Rent,Single,Far,12800,1,None,24,365,Under 30k,Under 500
712,Young,Female,Rent,Single,Close,17600,2,Low,18,163,Under 30k,Under 500
713,Old,Female,Own,Single,Far,28300,0,Medium,24,933,Under 30k,500-999
714,Old,Male,Own,Single,Close,41900,0,Medium,6,654,30k-60k,500-999
715,Young,Female,Rent,Single,Close,14100,3,None,6,153,Under 30k,Under 500
716,Middle,Male,Rent,Single,Close,52100,0,None,12,1668,30k-60k,"1,000-1,999"
717,Middle,Male,Rent,Single,Far,38700,1,Medium,18,1009,30k-60k,"1,000-1,999"
718,Middle,Female,Rent,Single,Far,44100,1,Medium,18,1659,30k-60k,"1,000-1,999"
719,Middle,Male,Own,Married,Far,79200,1,High,6,1905,60k-90k,"1,000-1,999"
720,Young,Female,Rent,Single,Close,22600,3,None,6,521,Under 30k,500-999
721,Middle,Male,Rent,Single,Close,55100,2,None,6,826,30k-60k,500-999
722,Old,Female,Own,Married,Far,70400,0,High,18,2610,60k-90k,"2,000-3,999"
723,Middle,Male,Own,Married,Close,107300,2,Medium,24,1194,90k-120k,"1,000-1,999"
724,Middle,Female,Rent,Married,Close,66500,1,None,24,1181,60k-90k,"1,000-1,999"
725,Young,Male,Rent,Single,Close,10200,0,None,24,362,Under 30k,Under 500
726,Young,Female,Own,Single,Far,41000,1,Medium,12,768,30k-60k,500-999
727,Middle,Female,Rent,Single,Close,26200,1,Low,12,381,Under 30k,Under 500
728,Middle,Male,Rent,Married,Far,72200,3,Medium,18,1811,60k-90k,"1,000-1,999"
729,Middle,Male,Rent,Single,Far,36700,1,Medium,24,1218,30k-60k,"1,000-1,999"
730,Old,Male,Own,Married,Far,74500,0,None,18,1413,60k-90k,"1,000-1,999"
731,Middle,Female,Own,Single,Close,60200,1,None,12,1748,60k-90k,"1,000-1,999"
732,Old,Male,Rent,Single,Close,34500,0,Medium,24,639,30k-60k,500-999
733,Old,Female,Own,Married,Close,83700,0,High,18,1582,60k-90k,"1,000-1,999"
734,Young,Male,Rent,Single,Far,14800,1,None,12,376,Under 30k,Under 500
735,Middle,Male,Own,Married,Close,106400,0,None,12,1757,90k-120k,"1,000-1,999"
736,Young,Female,Rent,Married,Close,42000,3,Low,6,105,30k-60k,Under 500
737,Middle,Male,Rent,Married,Close,118800,0,High,12,2631,90k-120k,"2,000-3,999"
738,Young,Female,Own,Single,Far,21900,2,Low,24,486,Under 30k,Under 500
739,Middle,Male,Rent,Single,Close,39500,1,None,6,412,30k-60k,Under 500
740,Middle,Male,Rent,Single,Close,45900,0,Medium,12,716,30k-60k,500-999
741,Young,Female,Rent,Married,Close,37100,2,Low,24,653,30k-60k,500-999
742,Middle,Female,Rent,Single,Close,28200,1,Low,6,224,Under 30k,Under 500
743,Middle,Male,Rent,Married,Close,74600,2,Medium,18,705,60k-90k,500-999
744,Middle,Male,Own,Married,Close,122700,1,None,18,4984,120k+,"4,000+"
745,Young,Female,Rent,Single,Close,14200,2,Low,18,197,Under 30k,Under 500
746,Middle,Male,Own,Married,Far,75500,0,None,18,2450,60k-90k,"2,000-3,999"
747,Middle,Male,Own,Single,Close,62900,0,None,24,2561,60k-90k,"2,000-3,999"
748,Young,Male,Rent,Single,Far,19400,0,Low,6,563,Under 30k,500-999
749,Middle,Female,Rent,Single,Close,46600,0,None,12,546,30k-60k,500-999
750,Middle,Male,Own,Married,Far,79700,1,High,24,3384,60k-90k,"2,000-3,999"
751,Middle,Male,Own,Single,Close,45900,2,Low,12,416,30k-60k,Under 500
752,Old,Female,Own,Married,Close,42800,0,Medium,6,685,30k-60k,500-999
753,Old,Male,Own,Married,Far,65500,0,High,24,1931,60k-90k,"1,000-1,999"
754,Old,Female,Rent,Single,Close,33600,0,Medium,12,573,30k-60k,500-999
755,Middle,Female,Own,Single,Far,55600,1,High,18,1553,30k-60k,"1,000-1,999"
756,Young,Female,Rent,Single,Close,24000,2,None,6,362,Under 30k,Under 500
757,Young,Male,Rent,Single,Far,25700,0,Medium,18,907,Under 30k,500-999
758,Old,Female,Own,Married,Close,21500,0,Low,18,445,Under 30k,Under 500
759,Old,Female,Rent,Married,Close,68600,0,High,18,1342,60k-90k,"1,000-1,999"
760,Young,Female,Rent,Single,Far,23100,2,Low,12,457,Under 30k,Under 500
761,Middle,Female,Rent,Married,Close,53300,0,Medium,24,1598,30k-60k,"1,000-1,999"
762,Old,Female,Own,Married,Close,112800,0,High,12,1861,90k-120k,"1,000-1,999"
763,Old,Male,Own,Married,Close,124900,0,High,18,4109,120k+,"4,000+"
764,Middle,Female,Own,Single,Close,72200,0,None,18,3278,60k-90k,"2,000-3,999"
765,Middle,Male,Rent,Single,Close,35100,1,Low,6,421,30k-60k,Under 500
766,Old,Female,Rent,Single,Close,14900,0,None,12,275,Under 30k,Under 500
767,Middle,Male,Rent,Single,Close,72000,0,High,12,1475,60k-90k,"1,000-1,999"
768,Middle,Male,Own,Married,Close,82400,0,High,18,1779,60k-90k,"1,000-1,999"
769,Young,Male,Rent,Married,Close,41600,3,None,24,1634,30k-60k,"1,000-1,999"
770,Middle,Female,Own,Married,Close,68500,2,None,12,1500,60k-90k,"1,000-1,999"
771,Young,Male,Own,Married,Close,62200,0,High,24,1348,60k-90k,"1,000-1,999"
772,Old,Female,Own,Single,Close,35900,0,None,12,962,30k-60k,500-999
773,Young,Male,Rent,Single,Close,14100,0,Low,12,328,Under 30k,Under 500
774,Young,Female,Rent,Married,Close,36500,1,None,18,747,30k-60k,500-999
775,Middle,Female,Own,Married,Close,86400,1,High,12,1713,60k-90k,"1,000-1,999"
776,Old,Female,Rent,Married,Close,39500,0,Medium,12,1006,30k-60k,"1,000-1,999"
777,Old,Male,Own,Married,Close,85300,0,None,12,2523,60k-90k,"2,000-3,999"
778,Old,Female,Own,Married,Close,110700,0,High,12,2458,90k-120k,"2,000-3,999"
779,Young,Male,Rent,Single,Far,17700,0,Low,18,742,Under 30k,500-999
780,Young,Female,Rent,Married,Far,33200,1,None,24,1639,30k-60k,"1,000-1,999"
781,Middle,Female,Own,Single,Close,53800,0,Medium,12,843,30k-60k,500-999
782,Old,Male,Rent,Single,Close,44400,0,Medium,18,886,30k-60k,500-999
783,Middle,Female,Rent,Married,Close,135700,1,High,24,2746,120k+,"2,000-3,999"
784,Young,Female,Rent,Single,Far,20700,1,Low,12,550,Under 30k,500-999
785,Middle,Male,Rent,Married,Far,83500,2,High,24,2098,60k-90k,"2,000-3,999"
786,Middle,Female,Rent,Married,Close,84200,2,Medium,24,954,60k-90k,500-999
787,Middle,Female,Rent,Married,Close,79900,1,Medium,12,1041,60k-90k,"1,000-1,999"
788,Old,Female,Rent,Single,Far,19700,0,Low,6,535,Under 30k,500-999
789,Middle,Female,Rent,Single,Close,35300,0,None,18,1369,30k-60k,"1,000-1,999"
790,Old,Male,Own,Married,Far,52000,0,High,18,2545,30k-60k,"2,000-3,999"
791,Young,Male,Rent,Single,Close,21300,1,None,12,329,Under 30k,Under 500
792,Middle,Male,Own,Single,Close,63700,0,None,6,1351,60k-90k,"1,000-1,999"
793,Old,Female,Own,Married,Close,25900,0,Low,18,582,Under 30k,500-999
794,Middle,Male,Rent,Married,Close,65800,2,Medium,18,578,60k-90k,500-999
795,Old,Female,Rent,Single,Close,11000,0,None,24,195,Under 30k,Under 500
796,Old,Female,Rent,Married,Close,65900,0,High,12,777,60k-90k,500-999
797,Middle,Female,Own,Married,Close,108100,1,High,12,1133,90k-120k,"1,000-1,999"
798,Middle,Male,Own,Married,Close,107300,2,Medium,18,1566,90k-120k,"1,000-1,999"
799,Middle,Female,Rent,Married,Close,79500,0,High,12,1651,60k-90k,"1,000-1,999"
800,Middle,Female,Rent,Married,Close,95900,0,None,24,3168,90k-120k,"2,000-3,999"
801,Middle,Male,Rent,Single,Close,45200,1,Medium,18,699,30k-60k,500-999
802,Middle,Male,Own,Married,Close,98500,0,High,18,2034,90k-120k,"2,000-3,999"
803,Old,Female,Own,Married,Close,96200,0,High,12,1457,90k-120k,"1,000-1,999"
804,Young,Male,Rent,Single,Close,17900,0,None,18,395,Under 30k,Under 500
805,Middle,Male,Own,Married,Close,42700,0,Medium,6,541,30k-60k,500-999
806,Middle,Male,Own,Single,Far,49700,0,High,24,2844,30k-60k,"2,000-3,999"
807,Middle,Female,Rent,Single,Close,43000,3,Low,24,225,30k-60k,Under 500
808,Young,Female,Rent,Single,Close,15500,1,Low,6,210,Under 30k,Under 500
809,Young,Male,Rent,Single,Close,13000,3,Low,6,43,Under 30k,Under 500
810,Middle,Female,Rent,Single,Close,27200,3,Low,24,243,Under 30k,Under 500
811,Old,Female,Own,Married,Close,26700,0,Low,24,1120,Under 30k,"1,000-1,999"
812,Old,Male,Own,Single,Far,61000,0,High,6,975,60k-90k,500-999
813,Middle,Female,Own,Married,Close,76600,3,None,24,2904,60k-90k,"2,000-3,999"
814,Middle,Male,Own,Married,Close,117500,2,Medium,12,927,90k-120k,500-999
815,Old,Male,Own,Married,Close,90600,0,High,24,3167,90k-120k,"2,000-3,999"
816,Young,Female,Rent,Single,Far,12600,0,Low,6,241,Under 30k,Under 500
817,Old,Female,Own,Single,Close,12700,2,Low,6,65,Under 30k,Under 500
818,Middle,Female,Own,Married,Far,77600,3,Medium,12,858,60k-90k,500-999
819,Middle,Female,Rent,Married,Far,92400,1,None,6,2191,90k-120k,"2,000-3,999"
820,Old,Female,Rent,Married,Close,71800,0,High,24,1946,60k-90k,"1,000-1,999"
821,Middle,Male,Own,Married,Far,95800,3,None,12,2581,90k-120k,"2,000-3,999"
822,Young,Female,Own,Single,Close,32600,3,Low,12,172,30k-60k,Under 500
823,Middle,Male,Own,Married,Close,74500,2,Medium,12,824,60k-90k,500-999
824,Old,Female,Rent,Single,Close,29200,0,Low,12,556,Under 30k,500-999
825,Young,Female,Rent,Single,Far,12900,1,Low,6,167,Under 30k,Under 500
826,Middle,Male,Rent,Married,Close,117700,1,High,12,2104,90k-120k,"2,000-3,999"
827,Middle,Female,Own,Married,Close,64100,1,Medium,18,1332,60k-90k,"1,000-1,999"
828,Middle,Female,Rent,Single,Close,46500,1,Medium,24,829,30k-60k,500-999
829,Young,Female,Rent,Single,Close,12400,1,None,12,229,Under 30k,Under 500
830,Middle,Male,Own,Married,Far,130600,0,High,18,3442,120k+,"2,000-3,999"
831,Middle,Male,Own,Married,Far,74400,0,High,6,1893,60k-90k,"1,000-1,999"
832,Old,Female,Own,Single,Far,40600,2,Medium,6,690,30k-60k,500-999
833,Young,Female,Rent,Married,Close,54200,1,Medium,6,486,30k-60k,Under 500
834,Middle,Male,Own,Single,Far,65400,1,High,12,2290,60k-90k,"2,000-3,999"
835,Middle,Male,Rent,Single,Close,49100,0,None,6,934,30k-60k,500-999
836,Young,Female,Rent,Single,Close,10600,2,None,24,517,Under 30k,500-999
837,Young,Female,Rent,Married,Close,76400,0,None,12,2216,60k-90k,"2,000-3,999"
838,Middle,Female,Rent,Married,Close,93700,1,High,24,1521,90k-120k,"1,000-1,999"
839,Middle,Male,Rent,Single,Far,49000,0,High,18,1523,30k-60k,"1,000-1,999"
840,Middle,Female,Own,Married,Close,96500,1,High,18,1364,90k-120k,"1,000-1,999"
841,Middle,Male,Own,Single,Close,55600,0,None,12,952,30k-60k,500-999
842,Middle,Male,Own,Married,Close,99600,1,High,6,871,90k-120k,500-999
843,Middle,Female,Own,Married,Close,79900,3,Low,12,295,60k-90k,Under 500
844,Old,Female,Rent,Married,Close,50500,0,Medium,12,642,30k-60k,500-999
845,Old,Female,Own,Single,Far,16300,0,Low,6,317,Under 30k,Under 500
846,Old,Female,Own,Married,Close,49200,0,Medium,12,1078,30k-60k,"1,000-1,999"
847,Middle,Male,Own,Single,Far,48100,2,Medium,18,961,30k-60k,500-999
848,Middle,Male,Own,Single,Far,61300,2,High,24,1241,60k-90k,"1,000-1,999"
849,Middle,Female,Own,Married,Close,72600,1,None,18,1999,60k-90k,"1,000-1,999"
850,Young,Male,Rent,Single,Far,19500,0,None,24,571,Under 30k,500-999
851,Young,Female,Rent,Single,Close,17200,1,None,12,329,Under 30k,Under 500
852,Middle,Male,Rent,Single,Far,51100,0,High,24,1984,30k-60k,"1,000-1,999"
853,Middle,Male,Own,Single,Close,76800,1,Medium,18,1061,60k-90k,"1,000-1,999"
854,Middle,Male,Own,Single,Far,60200,0,High,12,1955,60k-90k,"1,000-1,999"
855,Middle,Male,Rent,Single,Close,59100,2,Low,18,580,30k-60k,500-999
856,Old,Female,Own,Single,Close,32500,0,Medium,24,883,30k-60k,500-999
857,Middle,Female,Rent,Single,Far,49500,2,Medium,12,1195,30k-60k,"1,000-1,999"
858,Middle,Male,Own,Married,Close,109600,1,High,12,2318,90k-120k,"2,000-3,999"
859,Young,Female,Rent,Married,Close,47300,0,None,6,640,30k-60k,500-999
860,Middle,Male,Rent,Married,Close,93000,1,High,24,2644,90k-120k,"2,000-3,999"
861,Young,Female,Own,Single,Far,32000,1,None,24,1320,30k-60k,"1,000-1,999"
862,Young,Female,Own,Single,Close,44700,1,Medium,6,502,30k-60k,500-999
863,Old,Female,Own,Married,Close,69400,0,High,18,2419,60k-90k,"2,000-3,999"
864,Middle,Male,Own,Married,Close,64300,2,Medium,6,661,60k-90k,500-999
865,Middle,Male,Own,Single,Far,75400,0,High,24,2723,60k-90k,"2,000-3,999"
866,Middle,Male,Own,Married,Close,96100,0,High,6,1588,90k-120k,"1,000-1,999"
867,Old,Female,Own,Married,Close,118000,3,Low,12,581,90k-120k,500-999
868,Young,Male,Rent,Married,Close,69700,1,Medium,12,1432,60k-90k,"1,000-1,999"
869,Old,Male,Own,Single,Close,59300,0,Medium,12,929,30k-60k,500-999
870,Middle,Female,Rent,Married,Close,88600,3,Low,6,212,60k-90k,Under 500
871,Middle,Male,Own,Married,Close,102600,0,High,18,2546,90k-120k,"2,000-3,999"
872,Middle,Male,Rent,Single,Close,43700,0,None,18,1344,30k-60k,"1,000-1,999"
873,Old,Female,Own,Married,Close,22400,0,None,24,947,Under 30k,500-999
874,Middle,Male,Rent,Married,Far,70500,1,None,24,2145,60k-90k,"2,000-3,999"
875,Middle,Male,Own,Married,Close,54200,1,Medium,6,757,30k-60k,500-999
876,Middle,Female,Own,Single,Far,25300,1,None,6,451,Under 30k,Under 500
877,Old,Male,Own,Married,Close,116100,1,High,24,2975,90k-120k,"2,000-3,999"
878,Young,Female,Rent,Single,Close,15900,0,None,18,406,Under 30k,Under 500
879,Middle,Female,Own,Single,Close,46600,3,Low,6,158,30k-60k,Under 500
880,Young,Male,Own,Single,Close,23200,0,None,24,534,Under 30k,500-999
881,Young,Male,Rent,Single,Close,18200,0,Low,12,401,Under 30k,Under 500
882,Middle,Female,Own,Married,Close,82700,1,High,18,1753,60k-90k,"1,000-1,999"
883,Young,Female,Rent,Single,Close,17000,0,Low,18,659,Under 30k,500-999
884,Middle,Male,Own,Married,Close,83000,2,Medium,6,726,60k-90k,500-999
885,Young,Female,Own,Married,Close,42400,1,None,18,1166,30k-60k,"1,000-1,999"
886,Old,Male,Own,Single,Close,40200,2,None,18,1197,30k-60k,"1,000-1,999"
887,Young,Female,Rent,Single,Far,17300,0,Low,6,411,Under 30k,Under 500
888,Middle,Female,Own,Married,Close,109800,1,High,24,2258,90k-120k,"2,000-3,999"
889,Middle,Female,Own,Single,Far,64400,3,Medium,24,1913,60k-90k,"1,000-1,999"
890,Young,Female,Rent,Single,Far,27600,1,Medium,24,893,Under 30k,500-999
891,Young,Female,Rent,Single,Close,25100,1,None,6,421,Under 30k,Under 500
892,Middle,Female,Own,Single,Close,46300,3,None,6,1138,30k-60k,"1,000-1,999"
893,Old,Female,Own,Married,Far,74900,0,None,12,1804,60k-90k,"1,000-1,999"
894,Middle,Male,Own,Single,Close,67900,0,High,18,1418,60k-90k,"1,000-1,999"
895,Middle,Male,Rent,Married,Close,88500,2,Medium,24,1104,60k-90k,"1,000-1,999"
896,Middle,Male,Own,Married,Close,99200,3,None,12,2796,90k-120k,"2,000-3,999"
897,Old,Female,Own,Married,Close,62800,0,High,18,1403,60k-90k,"1,000-1,999"
898,Old,Male,Own,Married,Far,76900,2,High,24,3230,60k-90k,"2,000-3,999"
899,Middle,Male,Own,Married,Close,84100,3,None,6,1352,60k-90k,"1,000-1,999"
900,Old,Female,Own,Married,Close,77600,0,High,18,2004,60k-90k,"2,000-3,999"
901,Young,Female,Rent,Single,Close,19100,1,Low,18,403,Under 30k,Under 500
902,Old,Female,Own,Married,Far,128700,0,High,24,3995,120k+,"2,000-3,999"
903,Young,Female,Rent,Single,Far,14400,1,Low,6,390,Under 30k,Under 500
904,Old,Male,Rent,Married,Close,49600,0,Medium,6,770,30k-60k,500-999
905,Middle,Female,Rent,Single,Close,47000,0,None,6,963,30k-60k,500-999
906,Young,Female,Rent,Married,Close,36600,0,Medium,6,833,30k-60k,500-999
907,Middle,Female,Own,Single,Close,65800,1,Medium,12,869,60k-90k,500-999
908,Middle,Male,Rent,Married,Far,52800,2,Medium,12,926,30k-60k,500-999
909,Middle,Male,Own,Married,Close,96500,0,High,24,3780,90k-120k,"2,000-3,999"
910,Middle,Female,Rent,Married,Close,63500,1,Medium,18,1023,60k-90k,"1,000-1,999"
911,Middle,Male,Rent,Single,Close,60400,1,Medium,6,791,60k-90k,500-999
912,Middle,Male,Own,Married,Close,102700,3,None,12,1473,90k-120k,"1,000-1,999"
913,Middle,Male,Own,Married,Close,100100,2,None,6,1597,90k-120k,"1,000-1,999"
914,Middle,Male,Rent,Single,Close,54400,0,Medium,6,1150,30k-60k,"1,000-1,999"
915,Middle,Male,Rent,Married,Close,105600,3,Low,6,304,90k-120k,Under 500
916,Old,Female,Own,Married,Far,57900,0,High,12,1693,30k-60k,"1,000-1,999"
917,Young,Male,Own,Single,Close,31500,3,Low,18,269,30k-60k,Under 500
918,Middle,Female,Rent,Married,Far,60100,1,High,18,1430,60k-90k,"1,000-1,999"
919,Middle,Male,Rent,Married,Close,87400,2,None,18,2729,60k-90k,"2,000-3,999"
920,Middle,Male,Own,Married,Close,117900,0,High,6,1760,90k-120k,"1,000-1,999"
921,Middle,Male,Own,Single,Close,48800,1,Medium,24,1271,30k-60k,"1,000-1,999"
922,Middle,Female,Own,Married,Close,67900,3,Low,12,356,60k-90k,Under 500
923,Old,Male,Rent,Married,Far,66200,0,None,6,1024,60k-90k,"1,000-1,999"
924,Middle,Male,Rent,Married,Close,88000,2,Medium,6,524,60k-90k,500-999
925,Middle,Male,Rent,Married,Close,94200,1,High,18,1211,90k-120k,"1,000-1,999"
926,Young,Female,Rent,Single,Close,29200,3,None,6,636,Under 30k,500-999
927,Young,Male,Rent,Single,Far,15300,0,Low,24,645,Under 30k,500-999
928,Young,Male,Rent,Single,Far,17500,0,Low,18,472,Under 30k,Under 500
929,Old,Male,Own,Married,Close,168800,0,High,6,1512,120k+,"1,000-1,999"
930,Middle,Male,Rent,Single,Far,40200,0,High,18,1634,30k-60k,"1,000-1,999"
931,Young,Male,Rent,Single,Close,28400,3,Low,18,182,Under 30k,Under 500
932,Middle,Male,Rent,Married,Far,72200,3,Medium,18,1042,60k-90k,"1,000-1,999"
933,Middle,Female,Own,Single,Far,55200,0,High,18,1714,30k-60k,"1,000-1,999"
934,Middle,Female,Rent,Single,Close,44600,0,Medium,18,966,30k-60k,500-999
935,Middle,Male,Own,Single,Close,58400,0,Medium,12,829,30k-60k,500-999
936,Middle,Female,Own,Single,Close,67800,1,Medium,6,680,60k-90k,500-999
937,Old,Female,Own,Single,Close,25500,0,Low,18,636,Under 30k,500-999
938,Young,Female,Rent,Single,Far,20000,3,Low,6,182,Under 30k,Under 500
939,Middle,Male,Rent,Single,Far,52600,1,None,18,1773,30k-60k,"1,000-1,999"
940,Middle,Male,Rent,Married,Far,97600,1,None,12,2902,90k-120k,"2,000-3,999"
941,Old,Male,Own,Married,Close,23400,0,Low,6,348,Under 30k,Under 500
942,Middle,Female,Own,Married,Close,102500,3,Low,12,548,90k-120k,500-999
943,Middle,Female,Own,Married,Far,52300,1,High,18,2034,30k-60k,"2,000-3,999"
944,Middle,Male,Rent,Single,Far,65400,0,High,12,2296,60k-90k,"2,000-3,999"
945,Young,Male,Rent,Single,Close,19600,0,Low,12,395,Under 30k,Under 500
946,Old,Male,Own,Married,Far,37000,0,Medium,12,850,30k-60k,500-999
947,Young,Female,Rent,Single,Far,13200,0,None,18,512,Under 30k,500-999
948,Middle,Male,Rent,Single,Close,63800,1,Medium,24,1622,60k-90k,"1,000-1,999"
949,Old,Female,Rent,Single,Far,22600,0,None,12,865,Under 30k,500-999
950,Old,Female,Own,Single,Close,37300,0,Medium,6,673,30k-60k,500-999
951,Young,Male,Rent,Single,Far,14900,1,None,12,422,Under 30k,Under 500
952,Middle,Female,Own,Single,Close,36700,1,None,6,529,30k-60k,500-999
953,Middle,Male,Own,Single,Close,63200,0,High,24,1932,60k-90k,"1,000-1,999"
954,Old,Male,Own,Married,Close,77300,0,High,18,1853,60k-90k,"1,000-1,999"
955,Middle,Male,Rent,Single,Close,43100,1,None,12,1224,30k-60k,"1,000-1,999"
956,Middle,Female,Rent,Single,Far,44800,1,Medium,6,666,30k-60k,500-999
957,Old,Female,Rent,Married,Close,70900,0,High,24,1685,60k-90k,"1,000-1,999"
958,Middle,Female,Rent,Single,Far,38200,0,Medium,24,1476,30k-60k,"1,000-1,999"
959,Young,Female,Rent,Single,Far,18400,1,Low,6,319,Under 30k,Under 500
960,Middle,Female,Rent,Single,Close,40700,3,Low,18,232,30k-60k,Under 500
961,Old,Male,Own,Single,Close,71300,0,High,18,1543,60k-90k,"1,000-1,999"
962,Middle,Female,Rent,Single,Close,36400,2,Low,18,506,30k-60k,500-999
963,Young,Male,Rent,Single,Close,15400,0,Low,6,172,Under 30k,Under 500
964,Middle,Male,Own,Single,Far,39100,1,Medium,12,1001,30k-60k,"1,000-1,999"
965,Middle,Male,Rent,Single,Close,43800,0,Medium,12,606,30k-60k,500-999
966,Young,Male,Rent,Single,Far,25300,0,Medium,12,591,Under 30k,500-999
967,Old,Male,Rent,Married,Close,71800,0,High,12,1389,60k-90k,"1,000-1,999"
968,Middle,Male,Own,Single,Close,73200,0,High,24,2177,60k-90k,"2,000-3,999"
969,Middle,Male,Own,Married,Far,79000,1,High,18,2279,60k-90k,"2,000-3,999"
970,Middle,Female,Rent,Married,Close,75200,1,None,24,2702,60k-90k,"2,000-3,999"
971,Young,Female,Rent,Single,Close,25300,3,None,6,510,Under 30k,500-999
972,Old,Female,Own,Married,Close,43600,0,Medium,12,1047,30k-60k,"1,000-1,999"
973,Middle,Male,Own,Married,Close,83600,2,Medium,6,538,60k-90k,500-999
974,Middle,Female,Own,Single,Far,56200,0,High,18,1546,30k-60k,"1,000-1,999"
975,Young,Male,Rent,Married,Close,45500,0,Medium,6,754,30k-60k,500-999
976,Middle,Male,Own,Married,Close,99300,1,High,12,1504,90k-120k,"1,000-1,999"
977,Middle,Male,Own,Married,Far,108000,3,High,24,1849,90k-120k,"1,000-1,999"
978,Middle,Female,Own,Married,Far,84900,1,High,24,3072,60k-90k,"2,000-3,999"
979,Middle,Male,Own,Married,Far,93000,3,High,6,1046,90k-120k,"1,000-1,999"
980,Middle,Female,Own,Married,Close,82000,0,High,18,1800,60k-90k,"1,000-1,999"
981,Old,Female,Own,Single,Close,33000,3,None,6,700,30k-60k,500-999
982,Middle,Female,Own,Single,Close,36900,2,Low,24,514,30k-60k,500-999
983,Middle,Female,Rent,Single,Close,33200,1,None,6,320,30k-60k,Under 500
984,Young,Male,Rent,Married,Close,49300,0,None,24,1692,30k-60k,"1,000-1,999"
985,Old,Male,Rent,Married,Far,66200,0,High,24,2057,60k-90k,"2,000-3,999"
986,Middle,Male,Own,Married,Far,96800,2,High,18,2299,90k-120k,"2,000-3,999"
987,Old,Male,Own,Single,Close,63200,0,High,24,1507,60k-90k,"1,000-1,999"
988,Old,Male,Own,Married,Far,112900,0,High,24,6217,90k-120k,"4,000+"
989,Middle,Female,Rent,Single,Close,32100,2,Low,24,405,30k-60k,Under 500
990,Middle,Male,Own,Married,Far,102700,1,High,18,3785,90k-120k,"2,000-3,999"
991,Middle,Male,Own,Married,Close,123800,2,None,18,3537,120k+,"2,000-3,999"
992,Old,Female,Rent,Single,Far,11700,0,Low,18,540,Under 30k,500-999
993,Middle,Male,Own,Married,Close,101700,1,None,6,941,90k-120k,500-999
994,Middle,Female,Own,Married,Far,99200,0,High,24,5503,90k-120k,"4,000+"
995,Young,Male,Rent,Single,Close,17600,0,None,6,273,Under 30k,Under 500
996,Young,Female,Rent,Single,Close,19400,1,None,18,384,Under 30k,Under 500
997,Middle,Male,Rent,Single,Far,40500,1,None,18,1073,30k-60k,"1,000-1,999"
998,Old,Male,Own,Single,Close,44800,0,Medium,24,1417,30k-60k,"1,000-1,999"
999,Middle,Male,Own,Married,Close,79000,2,Medium,18,671,60k-90k,500-999
1000,Young,Male,Rent,Married,Close,53600,1,Medium,24,973,30k-60k,500-999
